INSERT INTO "APP2"."PROJECT" (ID,CREATED_BY,CREATED_DATE,STATUS,UPDATED_BY,UPDATED_DATE,VERSION,DATE_END,DATE_START,PROJECT_CODE,PROJECT_COST,PROJECT_NAME) VALUES (100001,null,null,null,null,null,0,{ts '2016-03-31 00:00:00.0'},{ts '2016-03-09 00:00:00.0'},'PRO1',50,'PRO1');
INSERT INTO "APP2"."PROJECT" (ID,CREATED_BY,CREATED_DATE,STATUS,UPDATED_BY,UPDATED_DATE,VERSION,DATE_END,DATE_START,PROJECT_CODE,PROJECT_COST,PROJECT_NAME) VALUES (100002,null,null,null,null,null,0,{ts '2016-03-31 00:00:00.0'},{ts '2016-03-09 00:00:00.0'},'PRO2',50,'PRO2');
INSERT INTO "APP2"."PROJECT" (ID,CREATED_BY,CREATED_DATE,STATUS,UPDATED_BY,UPDATED_DATE,VERSION,DATE_END,DATE_START,PROJECT_CODE,PROJECT_COST,PROJECT_NAME) VALUES (100003,null,null,null,null,null,0,{ts '2016-03-31 00:00:00.0'},{ts '2016-03-09 00:00:00.0'},'PRO3',50,'PRO4');
INSERT INTO "APP2"."PROJECT" (ID,CREATED_BY,CREATED_DATE,STATUS,UPDATED_BY,UPDATED_DATE,VERSION,DATE_END,DATE_START,PROJECT_CODE,PROJECT_COST,PROJECT_NAME) VALUES (100004,null,null,null,null,null,0,{ts '2016-03-31 00:00:00.0'},{ts '2016-03-09 00:00:00.0'},'PRO4',50,'PRO5');
INSERT INTO "APP2"."PROJECT" (ID,CREATED_BY,CREATED_DATE,STATUS,UPDATED_BY,UPDATED_DATE,VERSION,DATE_END,DATE_START,PROJECT_CODE,PROJECT_COST,PROJECT_NAME) VALUES (100005,null,null,null,null,null,0,{ts '2016-03-31 00:00:00.0'},{ts '2016-03-09 00:00:00.0'},'PRO5',50,'PRO6');
INSERT INTO "APP2"."PROJECT" (ID,CREATED_BY,CREATED_DATE,STATUS,UPDATED_BY,UPDATED_DATE,VERSION,DATE_END,DATE_START,PROJECT_CODE,PROJECT_COST,PROJECT_NAME) VALUES (100006,null,null,null,null,null,0,{ts '2016-03-31 00:00:00.0'},{ts '2016-03-09 00:00:00.0'},'PRO6',50,'PRO7');
INSERT INTO "APP2"."PROJECT" (ID,CREATED_BY,CREATED_DATE,STATUS,UPDATED_BY,UPDATED_DATE,VERSION,DATE_END,DATE_START,PROJECT_CODE,PROJECT_COST,PROJECT_NAME) VALUES (100007,null,null,null,null,null,0,{ts '2016-03-31 00:00:00.0'},{ts '2016-03-09 00:00:00.0'},'PRO7',50,'PRO8');
INSERT INTO "APP2"."PROJECT" (ID,CREATED_BY,CREATED_DATE,STATUS,UPDATED_BY,UPDATED_DATE,VERSION,DATE_END,DATE_START,PROJECT_CODE,PROJECT_COST,PROJECT_NAME) VALUES (100008,null,null,null,null,null,0,{ts '2016-03-31 00:00:00.0'},{ts '2016-03-09 00:00:00.0'},'PRO8',50,'PRO9');
INSERT INTO "APP2"."PROJECT" (ID,CREATED_BY,CREATED_DATE,STATUS,UPDATED_BY,UPDATED_DATE,VERSION,DATE_END,DATE_START,PROJECT_CODE,PROJECT_COST,PROJECT_NAME) VALUES (100009,null,null,null,null,null,0,{ts '2016-03-31 00:00:00.0'},{ts '2016-03-09 00:00:00.0'},'PRO9',50,'PRO10');
INSERT INTO "APP2"."PROJECT" (ID,CREATED_BY,CREATED_DATE,STATUS,UPDATED_BY,UPDATED_DATE,VERSION,DATE_END,DATE_START,PROJECT_CODE,PROJECT_COST,PROJECT_NAME) VALUES (100010,null,null,null,null,null,0,{ts '2016-03-31 00:00:00.0'},{ts '2016-03-09 00:00:00.0'},'PRO10',50,'PRO12');
INSERT INTO "APP2"."PROJECT" (ID,CREATED_BY,CREATED_DATE,STATUS,UPDATED_BY,UPDATED_DATE,VERSION,DATE_END,DATE_START,PROJECT_CODE,PROJECT_COST,PROJECT_NAME) VALUES (100011,null,null,null,null,null,0,{ts '2016-03-31 00:00:00.0'},{ts '2016-03-09 00:00:00.0'},'PRO11',50,'PRO13');
INSERT INTO "APP2"."PROJECT" (ID,CREATED_BY,CREATED_DATE,STATUS,UPDATED_BY,UPDATED_DATE,VERSION,DATE_END,DATE_START,PROJECT_CODE,PROJECT_COST,PROJECT_NAME) VALUES (100012,null,null,null,null,null,0,{ts '2016-03-31 00:00:00.0'},{ts '2016-03-09 00:00:00.0'},'PRO12',50,'PRO14');
INSERT INTO "APP2"."PROJECT" (ID,CREATED_BY,CREATED_DATE,STATUS,UPDATED_BY,UPDATED_DATE,VERSION,DATE_END,DATE_START,PROJECT_CODE,PROJECT_COST,PROJECT_NAME) VALUES (100013,null,null,null,null,null,0,{ts '2016-03-31 00:00:00.0'},{ts '2016-03-09 00:00:00.0'},'PRO13',50,'PRO15');
INSERT INTO "APP2"."PROJECT" (ID,CREATED_BY,CREATED_DATE,STATUS,UPDATED_BY,UPDATED_DATE,VERSION,DATE_END,DATE_START,PROJECT_CODE,PROJECT_COST,PROJECT_NAME) VALUES (100014,null,null,null,null,null,0,{ts '2016-03-31 00:00:00.0'},{ts '2016-03-10 00:00:00.0'},'PRO14',50,'PRO23');
INSERT INTO "APP2"."PROJECT" (ID,CREATED_BY,CREATED_DATE,STATUS,UPDATED_BY,UPDATED_DATE,VERSION,DATE_END,DATE_START,PROJECT_CODE,PROJECT_COST,PROJECT_NAME) VALUES (100015,null,null,null,null,null,0,{ts '2016-03-31 00:00:00.0'},{ts '2016-03-09 00:00:00.0'},'PRO15',50,'PRO14');
INSERT INTO "APP2"."PROJECT" (ID,CREATED_BY,CREATED_DATE,STATUS,UPDATED_BY,UPDATED_DATE,VERSION,DATE_END,DATE_START,PROJECT_CODE,PROJECT_COST,PROJECT_NAME) VALUES (100016,null,null,null,null,null,0,{ts '2016-03-31 00:00:00.0'},{ts '2016-03-09 00:00:00.0'},'PRO16',50,'PRO15');
INSERT INTO "APP2"."PROJECT" (ID,CREATED_BY,CREATED_DATE,STATUS,UPDATED_BY,UPDATED_DATE,VERSION,DATE_END,DATE_START,PROJECT_CODE,PROJECT_COST,PROJECT_NAME) VALUES (100017,null,null,null,null,null,0,{ts '2016-03-31 00:00:00.0'},{ts '2016-03-10 00:00:00.0'},'PRO17',50,'PRO16');


INSERT INTO "APP2"."PROJECT_MANAGER" (ID,CREATED_BY,CREATED_DATE,STATUS,UPDATED_BY,UPDATED_DATE,VERSION,EMP_CODE,PROJECT) VALUES (100001,null,null,null,null,null,0,'PM1',100001);
INSERT INTO "APP2"."PROJECT_MANAGER" (ID,CREATED_BY,CREATED_DATE,STATUS,UPDATED_BY,UPDATED_DATE,VERSION,EMP_CODE,PROJECT) VALUES (100002,null,null,null,null,null,0,'PM2',100002);
INSERT INTO "APP2"."PROJECT_MANAGER" (ID,CREATED_BY,CREATED_DATE,STATUS,UPDATED_BY,UPDATED_DATE,VERSION,EMP_CODE,PROJECT) VALUES (100003,null,null,null,null,null,0,'PM3',100003);
INSERT INTO "APP2"."PROJECT_MANAGER" (ID,CREATED_BY,CREATED_DATE,STATUS,UPDATED_BY,UPDATED_DATE,VERSION,EMP_CODE,PROJECT) VALUES (100004,null,null,null,null,null,0,'PM4',100004);
INSERT INTO "APP2"."PROJECT_MANAGER" (ID,CREATED_BY,CREATED_DATE,STATUS,UPDATED_BY,UPDATED_DATE,VERSION,EMP_CODE,PROJECT) VALUES (100005,null,null,null,null,null,0,'PM5',100005);
INSERT INTO "APP2"."PROJECT_MANAGER" (ID,CREATED_BY,CREATED_DATE,STATUS,UPDATED_BY,UPDATED_DATE,VERSION,EMP_CODE,PROJECT) VALUES (100006,null,null,null,null,null,0,'PM6',100006);
INSERT INTO "APP2"."PROJECT_MANAGER" (ID,CREATED_BY,CREATED_DATE,STATUS,UPDATED_BY,UPDATED_DATE,VERSION,EMP_CODE,PROJECT) VALUES (100007,null,null,null,null,null,0,'PM7',100007);
INSERT INTO "APP2"."PROJECT_MANAGER" (ID,CREATED_BY,CREATED_DATE,STATUS,UPDATED_BY,UPDATED_DATE,VERSION,EMP_CODE,PROJECT) VALUES (100008,null,null,null,null,null,0,'PM8',100008);
INSERT INTO "APP2"."PROJECT_MANAGER" (ID,CREATED_BY,CREATED_DATE,STATUS,UPDATED_BY,UPDATED_DATE,VERSION,EMP_CODE,PROJECT) VALUES (100009,null,null,null,null,null,0,'PM9',100009);
INSERT INTO "APP2"."PROJECT_MANAGER" (ID,CREATED_BY,CREATED_DATE,STATUS,UPDATED_BY,UPDATED_DATE,VERSION,EMP_CODE,PROJECT) VALUES (100010,null,null,null,null,null,0,'PM10',100010);
INSERT INTO "APP2"."PROJECT_MANAGER" (ID,CREATED_BY,CREATED_DATE,STATUS,UPDATED_BY,UPDATED_DATE,VERSION,EMP_CODE,PROJECT) VALUES (100011,null,null,null,null,null,0,'PM11',100011);
INSERT INTO "APP2"."PROJECT_MANAGER" (ID,CREATED_BY,CREATED_DATE,STATUS,UPDATED_BY,UPDATED_DATE,VERSION,EMP_CODE,PROJECT) VALUES (100012,null,null,null,null,null,0,'PM12',100012);
INSERT INTO "APP2"."PROJECT_MANAGER" (ID,CREATED_BY,CREATED_DATE,STATUS,UPDATED_BY,UPDATED_DATE,VERSION,EMP_CODE,PROJECT) VALUES (100013,null,null,null,null,null,0,'PM13',100013);
INSERT INTO "APP2"."PROJECT_MANAGER" (ID,CREATED_BY,CREATED_DATE,STATUS,UPDATED_BY,UPDATED_DATE,VERSION,EMP_CODE,PROJECT) VALUES (100014,null,null,null,null,null,0,'PM14',100014);
INSERT INTO "APP2"."PROJECT_MANAGER" (ID,CREATED_BY,CREATED_DATE,STATUS,UPDATED_BY,UPDATED_DATE,VERSION,EMP_CODE,PROJECT) VALUES (100015,null,null,null,null,null,0,'PM15',100015);
INSERT INTO "APP2"."PROJECT_MANAGER" (ID,CREATED_BY,CREATED_DATE,STATUS,UPDATED_BY,UPDATED_DATE,VERSION,EMP_CODE,PROJECT) VALUES (100016,null,null,null,null,null,0,'PM16',100016);
INSERT INTO "APP2"."PROJECT_MANAGER" (ID,CREATED_BY,CREATED_DATE,STATUS,UPDATED_BY,UPDATED_DATE,VERSION,EMP_CODE,PROJECT) VALUES (100017,null,null,null,null,null,0,'PM17',100017);


INSERT INTO "APP2"."MODULE_PROJECT" (ID,CREATED_BY,CREATED_DATE,STATUS,UPDATED_BY,UPDATED_DATE,VERSION,DATE_END,DATE_START,MODULE_CODE,MODULE_COST,MODULE_NAME,PROJECT,MODULE_STATUS) VALUES (100001,null,null,null,null,null,0,{ts '2016-03-31 00:00:00.0'},{ts '2016-03-09 00:00:00.0'},'MO1',30,'MO1',100001,'Not Success');
INSERT INTO "APP2"."MODULE_PROJECT" (ID,CREATED_BY,CREATED_DATE,STATUS,UPDATED_BY,UPDATED_DATE,VERSION,DATE_END,DATE_START,MODULE_CODE,MODULE_COST,MODULE_NAME,PROJECT,MODULE_STATUS) VALUES (100002,null,null,null,null,null,0,{ts '2016-03-31 00:00:00.0'},{ts '2016-03-09 00:00:00.0'},'MO2',40,'MO2',100002,'Not Success');
INSERT INTO "APP2"."MODULE_PROJECT" (ID,CREATED_BY,CREATED_DATE,STATUS,UPDATED_BY,UPDATED_DATE,VERSION,DATE_END,DATE_START,MODULE_CODE,MODULE_COST,MODULE_NAME,PROJECT,MODULE_STATUS) VALUES (100003,null,null,null,null,null,0,{ts '2016-03-31 00:00:00.0'},{ts '2016-03-09 00:00:00.0'},'MO3',30,'MO3',100003,'Not Success');
INSERT INTO "APP2"."MODULE_PROJECT" (ID,CREATED_BY,CREATED_DATE,STATUS,UPDATED_BY,UPDATED_DATE,VERSION,DATE_END,DATE_START,MODULE_CODE,MODULE_COST,MODULE_NAME,PROJECT,MODULE_STATUS) VALUES (100004,null,null,null,null,null,0,{ts '2016-03-31 00:00:00.0'},{ts '2016-03-09 00:00:00.0'},'MO4',40,'MO4',100004,'Not Success');


INSERT INTO "APP2"."MODULE_MANAGER" (ID,CREATED_BY,CREATED_DATE,STATUS,UPDATED_BY,UPDATED_DATE,VERSION,EMP_CODE,MODULE_PROJECT) VALUES (100001,null,null,null,null,null,0,'MM1',100001);
INSERT INTO "APP2"."MODULE_MANAGER" (ID,CREATED_BY,CREATED_DATE,STATUS,UPDATED_BY,UPDATED_DATE,VERSION,EMP_CODE,MODULE_PROJECT) VALUES (100002,null,null,null,null,null,0,'MM2',100002);
INSERT INTO "APP2"."MODULE_MANAGER" (ID,CREATED_BY,CREATED_DATE,STATUS,UPDATED_BY,UPDATED_DATE,VERSION,EMP_CODE,MODULE_PROJECT) VALUES (100003,null,null,null,null,null,0,'MM3',100003);
INSERT INTO "APP2"."MODULE_MANAGER" (ID,CREATED_BY,CREATED_DATE,STATUS,UPDATED_BY,UPDATED_DATE,VERSION,EMP_CODE,MODULE_PROJECT) VALUES (100004,null,null,null,null,null,0,'MM4',100004);


INSERT INTO "APP2"."MODULE_MEMBER" (ID,CREATED_BY,CREATED_DATE,STATUS,UPDATED_BY,UPDATED_DATE,VERSION,EMP_CODE,MODULE_PROJECT) VALUES (100001,null,null,null,null,null,0,'MME1',100001);
INSERT INTO "APP2"."MODULE_MEMBER" (ID,CREATED_BY,CREATED_DATE,STATUS,UPDATED_BY,UPDATED_DATE,VERSION,EMP_CODE,MODULE_PROJECT) VALUES (100002,null,null,null,null,null,0,'MME2',100002);
INSERT INTO "APP2"."MODULE_MEMBER" (ID,CREATED_BY,CREATED_DATE,STATUS,UPDATED_BY,UPDATED_DATE,VERSION,EMP_CODE,MODULE_PROJECT) VALUES (100003,null,null,null,null,null,0,'MME3',100003);
INSERT INTO "APP2"."MODULE_MEMBER" (ID,CREATED_BY,CREATED_DATE,STATUS,UPDATED_BY,UPDATED_DATE,VERSION,EMP_CODE,MODULE_PROJECT) VALUES (100004,null,null,null,null,null,0,'MME4',100004);

