INSERT INTO "APP2"."TYPE_TASK" (ID,CREATED_BY,CREATED_DATE,STATUS,UPDATED_BY,UPDATED_DATE,VERSION,TYPE_TASK_CODE,TYPE_TASK_NAME) VALUES (100001,null,null,null,null,null,0,'TT001','Dev');
INSERT INTO "APP2"."TYPE_TASK" (ID,CREATED_BY,CREATED_DATE,STATUS,UPDATED_BY,UPDATED_DATE,VERSION,TYPE_TASK_CODE,TYPE_TASK_NAME) VALUES (100002,null,null,null,null,null,0,'TT002','Design');
INSERT INTO "APP2"."TYPE_TASK" (ID,CREATED_BY,CREATED_DATE,STATUS,UPDATED_BY,UPDATED_DATE,VERSION,TYPE_TASK_CODE,TYPE_TASK_NAME) VALUES (100003,null,null,null,null,null,0,'TT003','Maintenance');
INSERT INTO "APP2"."TYPE_TASK" (ID,CREATED_BY,CREATED_DATE,STATUS,UPDATED_BY,UPDATED_DATE,VERSION,TYPE_TASK_CODE,TYPE_TASK_NAME) VALUES (100004,null,null,null,null,null,0,'TT004','Business');
INSERT INTO "APP2"."TYPE_TASK" (ID,CREATED_BY,CREATED_DATE,STATUS,UPDATED_BY,UPDATED_DATE,VERSION,TYPE_TASK_CODE,TYPE_TASK_NAME) VALUES (100005,null,null,null,null,null,0,'TT005','Technique');
INSERT INTO "APP2"."TYPE_TASK" (ID,CREATED_BY,CREATED_DATE,STATUS,UPDATED_BY,UPDATED_DATE,VERSION,TYPE_TASK_CODE,TYPE_TASK_NAME) VALUES (100006,null,null,null,null,null,0,'TT006','Edit Bug');


INSERT INTO "APP2"."PROJECT" (ID,CREATED_BY,CREATED_DATE,STATUS,UPDATED_BY,UPDATED_DATE,VERSION,DATE_END,DATE_START,PROJECT_CODE,PROJECT_COST,PROJECT_NAME) VALUES (100001,null,null,null,null,null,1,{ts '2016-03-25 00:00:00.0'},{ts '2016-03-05 00:00:00.0'},'PPMS',2000,'Plan and Project Management System');
INSERT INTO "APP2"."PROJECT" (ID,CREATED_BY,CREATED_DATE,STATUS,UPDATED_BY,UPDATED_DATE,VERSION,DATE_END,DATE_START,PROJECT_CODE,PROJECT_COST,PROJECT_NAME) VALUES (100002,null,null,null,null,null,0,{ts '2016-05-31 00:00:00.0'},{ts '2016-03-01 00:00:00.0'},'HRMS',1200,'Human Resource Management System');


INSERT INTO "APP2"."PROJECT_MANAGER" (ID,CREATED_BY,CREATED_DATE,STATUS,UPDATED_BY,UPDATED_DATE,VERSION,EMP_CODE,PROJECT) VALUES (100001,null,null,null,null,null,0,'EM001',100001);
INSERT INTO "APP2"."PROJECT_MANAGER" (ID,CREATED_BY,CREATED_DATE,STATUS,UPDATED_BY,UPDATED_DATE,VERSION,EMP_CODE,PROJECT) VALUES (100002,null,null,null,null,null,0,'EM002',100001);
INSERT INTO "APP2"."PROJECT_MANAGER" (ID,CREATED_BY,CREATED_DATE,STATUS,UPDATED_BY,UPDATED_DATE,VERSION,EMP_CODE,PROJECT) VALUES (100003,null,null,null,null,null,0,'EM003',100002);
INSERT INTO "APP2"."PROJECT_MANAGER" (ID,CREATED_BY,CREATED_DATE,STATUS,UPDATED_BY,UPDATED_DATE,VERSION,EMP_CODE,PROJECT) VALUES (100004,null,null,null,null,null,0,'EM004',100002);


INSERT INTO "APP2"."MODULE_PROJECT" (ID,CREATED_BY,CREATED_DATE,STATUS,UPDATED_BY,UPDATED_DATE,VERSION,DATE_END,DATE_START,MODULE_CODE,MODULE_COST,MODULE_NAME,MODULE_STATUS,PROJECT) VALUES (100001,null,null,null,null,null,0,{ts '2016-03-25 15:07:16.0'},{ts '2016-03-05 15:07:16.0'},'EMM',1000,'Employee Management','Not Success',100001);
INSERT INTO "APP2"."MODULE_PROJECT" (ID,CREATED_BY,CREATED_DATE,STATUS,UPDATED_BY,UPDATED_DATE,VERSION,DATE_END,DATE_START,MODULE_CODE,MODULE_COST,MODULE_NAME,MODULE_STATUS,PROJECT) VALUES (100002,null,null,null,null,null,0,{ts '2016-03-25 15:07:21.0'},{ts '2016-03-05 15:07:21.0'},'PNM',500,'Plan Management','Not Success',100001);
INSERT INTO "APP2"."MODULE_PROJECT" (ID,CREATED_BY,CREATED_DATE,STATUS,UPDATED_BY,UPDATED_DATE,VERSION,DATE_END,DATE_START,MODULE_CODE,MODULE_COST,MODULE_NAME,MODULE_STATUS,PROJECT) VALUES (100003,null,null,null,null,null,0,{ts '2016-03-10 15:07:35.0'},{ts '2016-03-07 15:07:35.0'},'SC',500,'Security','Not Success',100001);
INSERT INTO "APP2"."MODULE_PROJECT" (ID,CREATED_BY,CREATED_DATE,STATUS,UPDATED_BY,UPDATED_DATE,VERSION,DATE_END,DATE_START,MODULE_CODE,MODULE_COST,MODULE_NAME,MODULE_STATUS,PROJECT) VALUES (100004,null,null,null,null,null,0,{ts '2016-03-23 15:09:10.0'},{ts '2016-03-07 15:09:10.0'},'ESS',100,'Prontera','Not Success',100002);
INSERT INTO "APP2"."MODULE_PROJECT" (ID,CREATED_BY,CREATED_DATE,STATUS,UPDATED_BY,UPDATED_DATE,VERSION,DATE_END,DATE_START,MODULE_CODE,MODULE_COST,MODULE_NAME,MODULE_STATUS,PROJECT) VALUES (100005,null,null,null,null,null,0,{ts '2016-03-15 15:09:41.0'},{ts '2016-03-02 15:09:41.0'},'TD',100,'Morroc','Not Success',100002);


INSERT INTO "APP2"."MODULE_MANAGER" (ID,CREATED_BY,CREATED_DATE,STATUS,UPDATED_BY,UPDATED_DATE,VERSION,EMP_CODE,MODULE_PROJECT) VALUES (100001,null,null,null,null,null,0,'EM001',100001);
INSERT INTO "APP2"."MODULE_MANAGER" (ID,CREATED_BY,CREATED_DATE,STATUS,UPDATED_BY,UPDATED_DATE,VERSION,EMP_CODE,MODULE_PROJECT) VALUES (100002,null,null,null,null,null,0,'EM005',100001);
INSERT INTO "APP2"."MODULE_MANAGER" (ID,CREATED_BY,CREATED_DATE,STATUS,UPDATED_BY,UPDATED_DATE,VERSION,EMP_CODE,MODULE_PROJECT) VALUES (100003,null,null,null,null,null,0,'EM004',100002);
INSERT INTO "APP2"."MODULE_MANAGER" (ID,CREATED_BY,CREATED_DATE,STATUS,UPDATED_BY,UPDATED_DATE,VERSION,EMP_CODE,MODULE_PROJECT) VALUES (100004,null,null,null,null,null,0,'EM004',100003);
INSERT INTO "APP2"."MODULE_MANAGER" (ID,CREATED_BY,CREATED_DATE,STATUS,UPDATED_BY,UPDATED_DATE,VERSION,EMP_CODE,MODULE_PROJECT) VALUES (100005,null,null,null,null,null,0,'EM005',100004);
INSERT INTO "APP2"."MODULE_MANAGER" (ID,CREATED_BY,CREATED_DATE,STATUS,UPDATED_BY,UPDATED_DATE,VERSION,EMP_CODE,MODULE_PROJECT) VALUES (100006,null,null,null,null,null,0,'EM006',100004);
INSERT INTO "APP2"."MODULE_MANAGER" (ID,CREATED_BY,CREATED_DATE,STATUS,UPDATED_BY,UPDATED_DATE,VERSION,EMP_CODE,MODULE_PROJECT) VALUES (100007,null,null,null,null,null,0,'EM003',100005);
INSERT INTO "APP2"."MODULE_MANAGER" (ID,CREATED_BY,CREATED_DATE,STATUS,UPDATED_BY,UPDATED_DATE,VERSION,EMP_CODE,MODULE_PROJECT) VALUES (100008,null,null,null,null,null,0,'EM004',100005);


INSERT INTO "APP2"."MODULE_MEMBER" (ID,CREATED_BY,CREATED_DATE,STATUS,UPDATED_BY,UPDATED_DATE,VERSION,EMP_CODE,MODULE_PROJECT) VALUES (100001,null,null,null,null,null,0,'EM006',100001);
INSERT INTO "APP2"."MODULE_MEMBER" (ID,CREATED_BY,CREATED_DATE,STATUS,UPDATED_BY,UPDATED_DATE,VERSION,EMP_CODE,MODULE_PROJECT) VALUES (100002,null,null,null,null,null,0,'EM007',100001);
INSERT INTO "APP2"."MODULE_MEMBER" (ID,CREATED_BY,CREATED_DATE,STATUS,UPDATED_BY,UPDATED_DATE,VERSION,EMP_CODE,MODULE_PROJECT) VALUES (100003,null,null,null,null,null,0,'EM003',100001);
INSERT INTO "APP2"."MODULE_MEMBER" (ID,CREATED_BY,CREATED_DATE,STATUS,UPDATED_BY,UPDATED_DATE,VERSION,EMP_CODE,MODULE_PROJECT) VALUES (100004,null,null,null,null,null,0,'EM004',100001);
INSERT INTO "APP2"."MODULE_MEMBER" (ID,CREATED_BY,CREATED_DATE,STATUS,UPDATED_BY,UPDATED_DATE,VERSION,EMP_CODE,MODULE_PROJECT) VALUES (100005,null,null,null,null,null,0,'EM004',100001);
INSERT INTO "APP2"."MODULE_MEMBER" (ID,CREATED_BY,CREATED_DATE,STATUS,UPDATED_BY,UPDATED_DATE,VERSION,EMP_CODE,MODULE_PROJECT) VALUES (100006,null,null,null,null,null,0,'EM003',100001);
INSERT INTO "APP2"."MODULE_MEMBER" (ID,CREATED_BY,CREATED_DATE,STATUS,UPDATED_BY,UPDATED_DATE,VERSION,EMP_CODE,MODULE_PROJECT) VALUES (100007,null,null,null,null,null,0,'EM006',100002);
INSERT INTO "APP2"."MODULE_MEMBER" (ID,CREATED_BY,CREATED_DATE,STATUS,UPDATED_BY,UPDATED_DATE,VERSION,EMP_CODE,MODULE_PROJECT) VALUES (100008,null,null,null,null,null,0,'EM007',100002);
INSERT INTO "APP2"."MODULE_MEMBER" (ID,CREATED_BY,CREATED_DATE,STATUS,UPDATED_BY,UPDATED_DATE,VERSION,EMP_CODE,MODULE_PROJECT) VALUES (100009,null,null,null,null,null,0,'EM003',100002);
INSERT INTO "APP2"."MODULE_MEMBER" (ID,CREATED_BY,CREATED_DATE,STATUS,UPDATED_BY,UPDATED_DATE,VERSION,EMP_CODE,MODULE_PROJECT) VALUES (100010,null,null,null,null,null,0,'EM004',100003);
INSERT INTO "APP2"."MODULE_MEMBER" (ID,CREATED_BY,CREATED_DATE,STATUS,UPDATED_BY,UPDATED_DATE,VERSION,EMP_CODE,MODULE_PROJECT) VALUES (100011,null,null,null,null,null,0,'EM006',100004);
INSERT INTO "APP2"."MODULE_MEMBER" (ID,CREATED_BY,CREATED_DATE,STATUS,UPDATED_BY,UPDATED_DATE,VERSION,EMP_CODE,MODULE_PROJECT) VALUES (100012,null,null,null,null,null,0,'EM004',100004);
INSERT INTO "APP2"."MODULE_MEMBER" (ID,CREATED_BY,CREATED_DATE,STATUS,UPDATED_BY,UPDATED_DATE,VERSION,EMP_CODE,MODULE_PROJECT) VALUES (100013,null,null,null,null,null,0,'EM001',100005);
INSERT INTO "APP2"."MODULE_MEMBER" (ID,CREATED_BY,CREATED_DATE,STATUS,UPDATED_BY,UPDATED_DATE,VERSION,EMP_CODE,MODULE_PROJECT) VALUES (100014,null,null,null,null,null,0,'EM006',100005);
INSERT INTO "APP2"."MODULE_MEMBER" (ID,CREATED_BY,CREATED_DATE,STATUS,UPDATED_BY,UPDATED_DATE,VERSION,EMP_CODE,MODULE_PROJECT) VALUES (100015,null,null,null,null,null,0,'EM001',100005);


INSERT INTO "APP2"."PROGRAM" (ID,CREATED_BY,CREATED_DATE,STATUS,UPDATED_BY,UPDATED_DATE,VERSION,PROGRAM_CODE,PROGRAM_NAME,MODULE_PROJECT) VALUES (100001,null,null,null,null,null,0,'EMM01','[EMM] Program 01',100001);
INSERT INTO "APP2"."PROGRAM" (ID,CREATED_BY,CREATED_DATE,STATUS,UPDATED_BY,UPDATED_DATE,VERSION,PROGRAM_CODE,PROGRAM_NAME,MODULE_PROJECT) VALUES (100002,null,null,null,null,null,0,'EMM02','[EMM] Program 02',100001);
INSERT INTO "APP2"."PROGRAM" (ID,CREATED_BY,CREATED_DATE,STATUS,UPDATED_BY,UPDATED_DATE,VERSION,PROGRAM_CODE,PROGRAM_NAME,MODULE_PROJECT) VALUES (100003,null,null,null,null,null,0,'EMM03','[EMM] Program 03',100001);
INSERT INTO "APP2"."PROGRAM" (ID,CREATED_BY,CREATED_DATE,STATUS,UPDATED_BY,UPDATED_DATE,VERSION,PROGRAM_CODE,PROGRAM_NAME,MODULE_PROJECT) VALUES (100004,null,null,null,null,null,0,'PNM01','[PNM] Program 01',100002);
INSERT INTO "APP2"."PROGRAM" (ID,CREATED_BY,CREATED_DATE,STATUS,UPDATED_BY,UPDATED_DATE,VERSION,PROGRAM_CODE,PROGRAM_NAME,MODULE_PROJECT) VALUES (100005,null,null,null,null,null,0,'PNM02','[PNM] Program 02',100002);
INSERT INTO "APP2"."PROGRAM" (ID,CREATED_BY,CREATED_DATE,STATUS,UPDATED_BY,UPDATED_DATE,VERSION,PROGRAM_CODE,PROGRAM_NAME,MODULE_PROJECT) VALUES (100006,null,null,null,null,null,0,'PNM03','[PNM] Program 03',100002);
INSERT INTO "APP2"."PROGRAM" (ID,CREATED_BY,CREATED_DATE,STATUS,UPDATED_BY,UPDATED_DATE,VERSION,PROGRAM_CODE,PROGRAM_NAME,MODULE_PROJECT) VALUES (100007,null,null,null,null,null,0,'SC01','[SC] Program 01',100003);
INSERT INTO "APP2"."PROGRAM" (ID,CREATED_BY,CREATED_DATE,STATUS,UPDATED_BY,UPDATED_DATE,VERSION,PROGRAM_CODE,PROGRAM_NAME,MODULE_PROJECT) VALUES (100008,null,null,null,null,null,0,'SC02','[SC] Program 02',100003);
INSERT INTO "APP2"."PROGRAM" (ID,CREATED_BY,CREATED_DATE,STATUS,UPDATED_BY,UPDATED_DATE,VERSION,PROGRAM_CODE,PROGRAM_NAME,MODULE_PROJECT) VALUES (100009,null,null,null,null,null,0,'SC03','[SC] Program 03',100003);
INSERT INTO "APP2"."PROGRAM" (ID,CREATED_BY,CREATED_DATE,STATUS,UPDATED_BY,UPDATED_DATE,VERSION,PROGRAM_CODE,PROGRAM_NAME,MODULE_PROJECT) VALUES (1000010,null,null,null,null,null,0,'ESS01','[ESS] Program 01',100004);
INSERT INTO "APP2"."PROGRAM" (ID,CREATED_BY,CREATED_DATE,STATUS,UPDATED_BY,UPDATED_DATE,VERSION,PROGRAM_CODE,PROGRAM_NAME,MODULE_PROJECT) VALUES (1000011,null,null,null,null,null,0,'ESS02','[ESS] Program 02',100004);
INSERT INTO "APP2"."PROGRAM" (ID,CREATED_BY,CREATED_DATE,STATUS,UPDATED_BY,UPDATED_DATE,VERSION,PROGRAM_CODE,PROGRAM_NAME,MODULE_PROJECT) VALUES (1000012,null,null,null,null,null,0,'ESS03','[ESS] Program 03',100004);
INSERT INTO "APP2"."PROGRAM" (ID,CREATED_BY,CREATED_DATE,STATUS,UPDATED_BY,UPDATED_DATE,VERSION,PROGRAM_CODE,PROGRAM_NAME,MODULE_PROJECT) VALUES (1000013,null,null,null,null,null,0,'TD01','[TD] Program 01',100005);
INSERT INTO "APP2"."PROGRAM" (ID,CREATED_BY,CREATED_DATE,STATUS,UPDATED_BY,UPDATED_DATE,VERSION,PROGRAM_CODE,PROGRAM_NAME,MODULE_PROJECT) VALUES (1000014,null,null,null,null,null,0,'TD02','[TD] Program 02',100005);
INSERT INTO "APP2"."PROGRAM" (ID,CREATED_BY,CREATED_DATE,STATUS,UPDATED_BY,UPDATED_DATE,VERSION,PROGRAM_CODE,PROGRAM_NAME,MODULE_PROJECT) VALUES (1000015,null,null,null,null,null,0,'TD03','[TD] Program 03',100005);


INSERT INTO "APP2"."TASK" (ID,CREATED_BY,CREATED_DATE,STATUS,UPDATED_BY,UPDATED_DATE,VERSION,DATE_END,DATE_START,DETAIL,EMP_CODE,FILE_NAME,PROGRESS,TASK_CODE,TASK_COST,TASK_NAME,URL,PROGRAM,TYPE_TASK) VALUES (100001,null,null,null,null,null,1,null,null,null,'EM003',null,0,'EMMPG01TSK001',1,'[EMM] [Program1] Task01',null,100001,100001);
INSERT INTO "APP2"."TASK" (ID,CREATED_BY,CREATED_DATE,STATUS,UPDATED_BY,UPDATED_DATE,VERSION,DATE_END,DATE_START,DETAIL,EMP_CODE,FILE_NAME,PROGRESS,TASK_CODE,TASK_COST,TASK_NAME,URL,PROGRAM,TYPE_TASK) VALUES (100002,null,null,null,null,null,0,null,null,null,null,null,0,'EMMPG01TSK002',1,'[EMM] [Program1] Task02',null,100001,100002);
INSERT INTO "APP2"."TASK" (ID,CREATED_BY,CREATED_DATE,STATUS,UPDATED_BY,UPDATED_DATE,VERSION,DATE_END,DATE_START,DETAIL,EMP_CODE,FILE_NAME,PROGRESS,TASK_CODE,TASK_COST,TASK_NAME,URL,PROGRAM,TYPE_TASK) VALUES (100003,null,null,null,null,null,1,null,null,null,'EM003',null,0,'EMMPG01TSK003',1,'[EMM] [Program1] Task03',null,100001,100003);
INSERT INTO "APP2"."TASK" (ID,CREATED_BY,CREATED_DATE,STATUS,UPDATED_BY,UPDATED_DATE,VERSION,DATE_END,DATE_START,DETAIL,EMP_CODE,FILE_NAME,PROGRESS,TASK_CODE,TASK_COST,TASK_NAME,URL,PROGRAM,TYPE_TASK) VALUES (100004,null,null,null,null,null,0,null,null,null,null,null,0,'EMMPG02TSK001',1,'[EMM] [Program2] Task01',null,100002,100004);
INSERT INTO "APP2"."TASK" (ID,CREATED_BY,CREATED_DATE,STATUS,UPDATED_BY,UPDATED_DATE,VERSION,DATE_END,DATE_START,DETAIL,EMP_CODE,FILE_NAME,PROGRESS,TASK_CODE,TASK_COST,TASK_NAME,URL,PROGRAM,TYPE_TASK) VALUES (100005,null,null,null,null,null,1,null,null,null,null,null,0,'EMMPG02TSK002',1,'[EMM] [Program2] Task02',null,100002,100005);
INSERT INTO "APP2"."TASK" (ID,CREATED_BY,CREATED_DATE,STATUS,UPDATED_BY,UPDATED_DATE,VERSION,DATE_END,DATE_START,DETAIL,EMP_CODE,FILE_NAME,PROGRESS,TASK_CODE,TASK_COST,TASK_NAME,URL,PROGRAM,TYPE_TASK) VALUES (100006,null,null,null,null,null,0,null,null,null,null,null,0,'EMMPG02TSK003',1,'[EMM] [Program2] Task03',null,100002,100006);
INSERT INTO "APP2"."TASK" (ID,CREATED_BY,CREATED_DATE,STATUS,UPDATED_BY,UPDATED_DATE,VERSION,DATE_END,DATE_START,DETAIL,EMP_CODE,FILE_NAME,PROGRESS,TASK_CODE,TASK_COST,TASK_NAME,URL,PROGRAM,TYPE_TASK) VALUES (100007,null,null,null,null,null,0,null,null,null,null,null,0,'EMMPG03TSK001',1,'[EMM] [Program3] Task01',null,100003,100001);
INSERT INTO "APP2"."TASK" (ID,CREATED_BY,CREATED_DATE,STATUS,UPDATED_BY,UPDATED_DATE,VERSION,DATE_END,DATE_START,DETAIL,EMP_CODE,FILE_NAME,PROGRESS,TASK_CODE,TASK_COST,TASK_NAME,URL,PROGRAM,TYPE_TASK) VALUES (100008,null,null,null,null,null,0,null,null,null,null,null,0,'EMMPG03TSK002',1,'[EMM] [Program3] Task02',null,100003,100004);
INSERT INTO "APP2"."TASK" (ID,CREATED_BY,CREATED_DATE,STATUS,UPDATED_BY,UPDATED_DATE,VERSION,DATE_END,DATE_START,DETAIL,EMP_CODE,FILE_NAME,PROGRESS,TASK_CODE,TASK_COST,TASK_NAME,URL,PROGRAM,TYPE_TASK) VALUES (100009,null,null,null,null,null,1,null,null,null,'EM003',null,0,'EMMPG03TSK003',1,'[EMM] [Program3] Task03',null,100003,100005);
INSERT INTO "APP2"."TASK" (ID,CREATED_BY,CREATED_DATE,STATUS,UPDATED_BY,UPDATED_DATE,VERSION,DATE_END,DATE_START,DETAIL,EMP_CODE,FILE_NAME,PROGRESS,TASK_CODE,TASK_COST,TASK_NAME,URL,PROGRAM,TYPE_TASK) VALUES (1000010,null,null,null,null,null,0,null,null,null,null,null,0,'PNMPG01TSK001',1,'[PNM] [Program1] Task01',null,100004,100001);
INSERT INTO "APP2"."TASK" (ID,CREATED_BY,CREATED_DATE,STATUS,UPDATED_BY,UPDATED_DATE,VERSION,DATE_END,DATE_START,DETAIL,EMP_CODE,FILE_NAME,PROGRESS,TASK_CODE,TASK_COST,TASK_NAME,URL,PROGRAM,TYPE_TASK) VALUES (1000011,null,null,null,null,null,0,null,null,null,null,null,0,'PNMPG01TSK002',1,'[PNM] [Program1] Task02',null,100004,100004);
INSERT INTO "APP2"."TASK" (ID,CREATED_BY,CREATED_DATE,STATUS,UPDATED_BY,UPDATED_DATE,VERSION,DATE_END,DATE_START,DETAIL,EMP_CODE,FILE_NAME,PROGRESS,TASK_CODE,TASK_COST,TASK_NAME,URL,PROGRAM,TYPE_TASK) VALUES (1000012,null,null,null,null,null,0,null,null,null,null,null,0,'PNMPG01TSK003',1,'[PNM] [Program1] Task03',null,100004,100005);
INSERT INTO "APP2"."TASK" (ID,CREATED_BY,CREATED_DATE,STATUS,UPDATED_BY,UPDATED_DATE,VERSION,DATE_END,DATE_START,DETAIL,EMP_CODE,FILE_NAME,PROGRESS,TASK_CODE,TASK_COST,TASK_NAME,URL,PROGRAM,TYPE_TASK) VALUES (1000013,null,null,null,null,null,0,null,null,null,null,null,0,'PNMPG02TSK001',1,'[PNM] [Program2] Task01',null,100005,100001);
INSERT INTO "APP2"."TASK" (ID,CREATED_BY,CREATED_DATE,STATUS,UPDATED_BY,UPDATED_DATE,VERSION,DATE_END,DATE_START,DETAIL,EMP_CODE,FILE_NAME,PROGRESS,TASK_CODE,TASK_COST,TASK_NAME,URL,PROGRAM,TYPE_TASK) VALUES (1000014,null,null,null,null,null,1,null,null,null,'EM003',null,0,'PNMPG02TSK002',1,'[PNM] [Program2] Task02',null,100005,100001);
INSERT INTO "APP2"."TASK" (ID,CREATED_BY,CREATED_DATE,STATUS,UPDATED_BY,UPDATED_DATE,VERSION,DATE_END,DATE_START,DETAIL,EMP_CODE,FILE_NAME,PROGRESS,TASK_CODE,TASK_COST,TASK_NAME,URL,PROGRAM,TYPE_TASK) VALUES (1000015,null,null,null,null,null,0,null,null,null,null,null,0,'PNMPG02TSK003',1,'[PNM] [Program2] Task03',null,100005,100001);
INSERT INTO "APP2"."TASK" (ID,CREATED_BY,CREATED_DATE,STATUS,UPDATED_BY,UPDATED_DATE,VERSION,DATE_END,DATE_START,DETAIL,EMP_CODE,FILE_NAME,PROGRESS,TASK_CODE,TASK_COST,TASK_NAME,URL,PROGRAM,TYPE_TASK) VALUES (1000016,null,null,null,null,null,0,null,null,null,null,null,0,'PNMPG03TSK001',1,'[PNM] [Program3] Task01',null,100006,100004);
INSERT INTO "APP2"."TASK" (ID,CREATED_BY,CREATED_DATE,STATUS,UPDATED_BY,UPDATED_DATE,VERSION,DATE_END,DATE_START,DETAIL,EMP_CODE,FILE_NAME,PROGRESS,TASK_CODE,TASK_COST,TASK_NAME,URL,PROGRAM,TYPE_TASK) VALUES (1000017,null,null,null,null,null,0,null,null,null,null,null,0,'PNMPG03TSK002',1,'[PNM] [Program3] Task02',null,100006,100003);
INSERT INTO "APP2"."TASK" (ID,CREATED_BY,CREATED_DATE,STATUS,UPDATED_BY,UPDATED_DATE,VERSION,DATE_END,DATE_START,DETAIL,EMP_CODE,FILE_NAME,PROGRESS,TASK_CODE,TASK_COST,TASK_NAME,URL,PROGRAM,TYPE_TASK) VALUES (1000018,null,null,null,null,null,0,null,null,null,null,null,0,'PNMPG03TSK003',1,'[PNM] [Program3] Task03',null,100006,100001);
INSERT INTO "APP2"."TASK" (ID,CREATED_BY,CREATED_DATE,STATUS,UPDATED_BY,UPDATED_DATE,VERSION,DATE_END,DATE_START,DETAIL,EMP_CODE,FILE_NAME,PROGRESS,TASK_CODE,TASK_COST,TASK_NAME,URL,PROGRAM,TYPE_TASK) VALUES (1000019,null,null,null,null,null,0,null,null,null,null,null,0,'SCPG01TSK001',1,'[SC] [Program1] Task01',null,100007,100001);
INSERT INTO "APP2"."TASK" (ID,CREATED_BY,CREATED_DATE,STATUS,UPDATED_BY,UPDATED_DATE,VERSION,DATE_END,DATE_START,DETAIL,EMP_CODE,FILE_NAME,PROGRESS,TASK_CODE,TASK_COST,TASK_NAME,URL,PROGRAM,TYPE_TASK) VALUES (1000020,null,null,null,null,null,0,null,null,null,null,null,0,'SCPG01TSK002',1,'[SC] [Program1] Task02',null,100007,100004);
INSERT INTO "APP2"."TASK" (ID,CREATED_BY,CREATED_DATE,STATUS,UPDATED_BY,UPDATED_DATE,VERSION,DATE_END,DATE_START,DETAIL,EMP_CODE,FILE_NAME,PROGRESS,TASK_CODE,TASK_COST,TASK_NAME,URL,PROGRAM,TYPE_TASK) VALUES (1000021,null,null,null,null,null,0,null,null,null,null,null,0,'SCPG01TSK003',1,'[SC] [Program1] Task03',null,100007,100005);
INSERT INTO "APP2"."TASK" (ID,CREATED_BY,CREATED_DATE,STATUS,UPDATED_BY,UPDATED_DATE,VERSION,DATE_END,DATE_START,DETAIL,EMP_CODE,FILE_NAME,PROGRESS,TASK_CODE,TASK_COST,TASK_NAME,URL,PROGRAM,TYPE_TASK) VALUES (1000022,null,null,null,null,null,0,null,null,null,null,null,0,'SCPG02TSK001',1,'[SC] [Program2] Task01',null,100008,100002);
INSERT INTO "APP2"."TASK" (ID,CREATED_BY,CREATED_DATE,STATUS,UPDATED_BY,UPDATED_DATE,VERSION,DATE_END,DATE_START,DETAIL,EMP_CODE,FILE_NAME,PROGRESS,TASK_CODE,TASK_COST,TASK_NAME,URL,PROGRAM,TYPE_TASK) VALUES (1000023,null,null,null,null,null,0,null,null,null,null,null,0,'SCPG02TSK002',1,'[SC] [Program2] Task02',null,100008,100001);
INSERT INTO "APP2"."TASK" (ID,CREATED_BY,CREATED_DATE,STATUS,UPDATED_BY,UPDATED_DATE,VERSION,DATE_END,DATE_START,DETAIL,EMP_CODE,FILE_NAME,PROGRESS,TASK_CODE,TASK_COST,TASK_NAME,URL,PROGRAM,TYPE_TASK) VALUES (1000024,null,null,null,null,null,0,null,null,null,null,null,0,'SCPG02TSK003',1,'[SC] [Program2] Task03',null,100008,100006);
INSERT INTO "APP2"."TASK" (ID,CREATED_BY,CREATED_DATE,STATUS,UPDATED_BY,UPDATED_DATE,VERSION,DATE_END,DATE_START,DETAIL,EMP_CODE,FILE_NAME,PROGRESS,TASK_CODE,TASK_COST,TASK_NAME,URL,PROGRAM,TYPE_TASK) VALUES (1000025,null,null,null,null,null,0,null,null,null,null,null,0,'SCPG03TSK001',1,'[SC] [Program3] Task01',null,100009,100001);
INSERT INTO "APP2"."TASK" (ID,CREATED_BY,CREATED_DATE,STATUS,UPDATED_BY,UPDATED_DATE,VERSION,DATE_END,DATE_START,DETAIL,EMP_CODE,FILE_NAME,PROGRESS,TASK_CODE,TASK_COST,TASK_NAME,URL,PROGRAM,TYPE_TASK) VALUES (1000026,null,null,null,null,null,0,null,null,null,null,null,0,'SCPG03TSK003',1,'[SC] [Program3] Task03',null,100009,100001);
INSERT INTO "APP2"."TASK" (ID,CREATED_BY,CREATED_DATE,STATUS,UPDATED_BY,UPDATED_DATE,VERSION,DATE_END,DATE_START,DETAIL,EMP_CODE,FILE_NAME,PROGRESS,TASK_CODE,TASK_COST,TASK_NAME,URL,PROGRAM,TYPE_TASK) VALUES (1000027,null,null,null,null,null,0,null,null,null,null,null,0,'SCPG03TSK004',1,'[SC] [Program3] Task03',null,100009,100003);
INSERT INTO "APP2"."TASK" (ID,CREATED_BY,CREATED_DATE,STATUS,UPDATED_BY,UPDATED_DATE,VERSION,DATE_END,DATE_START,DETAIL,EMP_CODE,FILE_NAME,PROGRESS,TASK_CODE,TASK_COST,TASK_NAME,URL,PROGRAM,TYPE_TASK) VALUES (1000028,null,null,null,null,null,0,null,null,null,null,null,0,'ESSPG01TSK001',1,'[ESS] [Program1] Task01',null,1000010,100001);
INSERT INTO "APP2"."TASK" (ID,CREATED_BY,CREATED_DATE,STATUS,UPDATED_BY,UPDATED_DATE,VERSION,DATE_END,DATE_START,DETAIL,EMP_CODE,FILE_NAME,PROGRESS,TASK_CODE,TASK_COST,TASK_NAME,URL,PROGRAM,TYPE_TASK) VALUES (1000029,null,null,null,null,null,0,null,null,null,null,null,0,'ESSPG01TSK002',1,'[ESS] [Program1] Task02',null,1000010,100001);
INSERT INTO "APP2"."TASK" (ID,CREATED_BY,CREATED_DATE,STATUS,UPDATED_BY,UPDATED_DATE,VERSION,DATE_END,DATE_START,DETAIL,EMP_CODE,FILE_NAME,PROGRESS,TASK_CODE,TASK_COST,TASK_NAME,URL,PROGRAM,TYPE_TASK) VALUES (1000030,null,null,null,null,null,0,null,null,null,null,null,0,'ESSPG01TSK003',1,'[ESS] [Program1] Task03',null,1000010,100003);
INSERT INTO "APP2"."TASK" (ID,CREATED_BY,CREATED_DATE,STATUS,UPDATED_BY,UPDATED_DATE,VERSION,DATE_END,DATE_START,DETAIL,EMP_CODE,FILE_NAME,PROGRESS,TASK_CODE,TASK_COST,TASK_NAME,URL,PROGRAM,TYPE_TASK) VALUES (1000031,null,null,null,null,null,0,null,null,null,null,null,0,'ESSPG02TSK001',1,'[ESS] [Program2] Task01',null,1000011,100001);
INSERT INTO "APP2"."TASK" (ID,CREATED_BY,CREATED_DATE,STATUS,UPDATED_BY,UPDATED_DATE,VERSION,DATE_END,DATE_START,DETAIL,EMP_CODE,FILE_NAME,PROGRESS,TASK_CODE,TASK_COST,TASK_NAME,URL,PROGRAM,TYPE_TASK) VALUES (1000032,null,null,null,null,null,0,null,null,null,null,null,0,'ESSPG02TSK0011',1,'[ESS] [Program2] Task011',null,1000011,100001);
INSERT INTO "APP2"."TASK" (ID,CREATED_BY,CREATED_DATE,STATUS,UPDATED_BY,UPDATED_DATE,VERSION,DATE_END,DATE_START,DETAIL,EMP_CODE,FILE_NAME,PROGRESS,TASK_CODE,TASK_COST,TASK_NAME,URL,PROGRAM,TYPE_TASK) VALUES (1000033,null,null,null,null,null,0,null,null,null,null,null,0,'ESSPG02TSK00111',1,'[ESS] [Program2] Task0111',null,1000011,100001);
INSERT INTO "APP2"."TASK" (ID,CREATED_BY,CREATED_DATE,STATUS,UPDATED_BY,UPDATED_DATE,VERSION,DATE_END,DATE_START,DETAIL,EMP_CODE,FILE_NAME,PROGRESS,TASK_CODE,TASK_COST,TASK_NAME,URL,PROGRAM,TYPE_TASK) VALUES (1000034,null,null,null,null,null,0,null,null,null,null,null,0,'ESSPG03TSK001',1,'[ESS] [Program3] Task01',null,1000012,100002);
INSERT INTO "APP2"."TASK" (ID,CREATED_BY,CREATED_DATE,STATUS,UPDATED_BY,UPDATED_DATE,VERSION,DATE_END,DATE_START,DETAIL,EMP_CODE,FILE_NAME,PROGRESS,TASK_CODE,TASK_COST,TASK_NAME,URL,PROGRAM,TYPE_TASK) VALUES (1000035,null,null,null,null,null,0,null,null,null,null,null,0,'ESSPG03TSK0011',1,'[ESS] [Program3] Task011',null,1000012,100005);
INSERT INTO "APP2"."TASK" (ID,CREATED_BY,CREATED_DATE,STATUS,UPDATED_BY,UPDATED_DATE,VERSION,DATE_END,DATE_START,DETAIL,EMP_CODE,FILE_NAME,PROGRESS,TASK_CODE,TASK_COST,TASK_NAME,URL,PROGRAM,TYPE_TASK) VALUES (1000036,null,null,null,null,null,0,null,null,null,null,null,0,'ESSPG03TSK00111',1,'[ESS] [Program3] Task0111',null,1000012,100006);
INSERT INTO "APP2"."TASK" (ID,CREATED_BY,CREATED_DATE,STATUS,UPDATED_BY,UPDATED_DATE,VERSION,DATE_END,DATE_START,DETAIL,EMP_CODE,FILE_NAME,PROGRESS,TASK_CODE,TASK_COST,TASK_NAME,URL,PROGRAM,TYPE_TASK) VALUES (1000037,null,null,null,null,null,1,null,null,null,'EM001',null,0,'TDPG01TSK001',1,'[TD] [Program1] Task01',null,1000013,100004);
INSERT INTO "APP2"."TASK" (ID,CREATED_BY,CREATED_DATE,STATUS,UPDATED_BY,UPDATED_DATE,VERSION,DATE_END,DATE_START,DETAIL,EMP_CODE,FILE_NAME,PROGRESS,TASK_CODE,TASK_COST,TASK_NAME,URL,PROGRAM,TYPE_TASK) VALUES (1000038,null,null,null,null,null,0,null,null,null,null,null,0,'TDPG01TSK0011',1,'[TD] [Program1] Task011',null,1000013,100002);
INSERT INTO "APP2"."TASK" (ID,CREATED_BY,CREATED_DATE,STATUS,UPDATED_BY,UPDATED_DATE,VERSION,DATE_END,DATE_START,DETAIL,EMP_CODE,FILE_NAME,PROGRESS,TASK_CODE,TASK_COST,TASK_NAME,URL,PROGRAM,TYPE_TASK) VALUES (1000039,null,null,null,null,null,0,null,null,null,null,null,0,'TDPG01TSK00111',1,'[TD] [Program1] Task0111',null,1000013,100005);
INSERT INTO "APP2"."TASK" (ID,CREATED_BY,CREATED_DATE,STATUS,UPDATED_BY,UPDATED_DATE,VERSION,DATE_END,DATE_START,DETAIL,EMP_CODE,FILE_NAME,PROGRESS,TASK_CODE,TASK_COST,TASK_NAME,URL,PROGRAM,TYPE_TASK) VALUES (1000040,null,null,null,null,null,0,null,null,null,null,null,0,'TDPG02TSK001',1,'[TD] [Program2] Task01',null,1000014,100001);
INSERT INTO "APP2"."TASK" (ID,CREATED_BY,CREATED_DATE,STATUS,UPDATED_BY,UPDATED_DATE,VERSION,DATE_END,DATE_START,DETAIL,EMP_CODE,FILE_NAME,PROGRESS,TASK_CODE,TASK_COST,TASK_NAME,URL,PROGRAM,TYPE_TASK) VALUES (1000041,null,null,null,null,null,0,null,null,null,null,null,0,'TDPG02TSK0011',1,'[TD] [Program2] Task011',null,1000014,100005);
INSERT INTO "APP2"."TASK" (ID,CREATED_BY,CREATED_DATE,STATUS,UPDATED_BY,UPDATED_DATE,VERSION,DATE_END,DATE_START,DETAIL,EMP_CODE,FILE_NAME,PROGRESS,TASK_CODE,TASK_COST,TASK_NAME,URL,PROGRAM,TYPE_TASK) VALUES (1000042,null,null,null,null,null,1,null,null,null,'EM001',null,0,'TDPG02TSK00111',1,'[TD] [Program2] Task0111',null,1000014,100005);
INSERT INTO "APP2"."TASK" (ID,CREATED_BY,CREATED_DATE,STATUS,UPDATED_BY,UPDATED_DATE,VERSION,DATE_END,DATE_START,DETAIL,EMP_CODE,FILE_NAME,PROGRESS,TASK_CODE,TASK_COST,TASK_NAME,URL,PROGRAM,TYPE_TASK) VALUES (1000043,null,null,null,null,null,0,null,null,null,null,null,0,'TDPG03TSK001',1,'[TD] [Program3] Task01',null,1000015,100003);
INSERT INTO "APP2"."TASK" (ID,CREATED_BY,CREATED_DATE,STATUS,UPDATED_BY,UPDATED_DATE,VERSION,DATE_END,DATE_START,DETAIL,EMP_CODE,FILE_NAME,PROGRESS,TASK_CODE,TASK_COST,TASK_NAME,URL,PROGRAM,TYPE_TASK) VALUES (1000044,null,null,null,null,null,1,null,null,null,'EM001',null,0,'TDPG03TSK0011',1,'[TD] [Program3] Task011',null,1000015,100004);
INSERT INTO "APP2"."TASK" (ID,CREATED_BY,CREATED_DATE,STATUS,UPDATED_BY,UPDATED_DATE,VERSION,DATE_END,DATE_START,DETAIL,EMP_CODE,FILE_NAME,PROGRESS,TASK_CODE,TASK_COST,TASK_NAME,URL,PROGRAM,TYPE_TASK) VALUES (1000045,null,null,null,null,null,1,null,null,null,'EM001',null,0,'TDPG03TSK00111',1,'[TD] [Program3] Task0111',null,1000015,100002);


INSERT INTO "APP2"."OTHER_TASK" (ID,CREATED_BY,CREATED_DATE,STATUS,UPDATED_BY,UPDATED_DATE,VERSION,DETAIL,EMP_CODE,PROGRESS,TASK_COST,TASK_NAME,TYPE_TASK) VALUES (100001,null,null,null,null,null,0,null,'EM004',0,2,'เล่นเกมส์',null);
INSERT INTO "APP2"."OTHER_TASK" (ID,CREATED_BY,CREATED_DATE,STATUS,UPDATED_BY,UPDATED_DATE,VERSION,DETAIL,EMP_CODE,PROGRESS,TASK_COST,TASK_NAME,TYPE_TASK) VALUES (100002,null,null,null,null,null,0,null,'EM003',0,2,'ดูปักการัง',null);
INSERT INTO "APP2"."OTHER_TASK" (ID,CREATED_BY,CREATED_DATE,STATUS,UPDATED_BY,UPDATED_DATE,VERSION,DETAIL,EMP_CODE,PROGRESS,TASK_COST,TASK_NAME,TYPE_TASK) VALUES (100003,null,null,null,null,null,0,null,'EM003',0,2,'ดำน้ำ',null);


INSERT INTO "APP2"."PLAN" (ID,CREATED_BY,CREATED_DATE,STATUS,UPDATED_BY,UPDATED_DATE,VERSION,DATE_END,DATE_START,NOTE,OTHER_TASK,TASK) VALUES (100001,null,null,null,null,null,0,{ts '2016-03-05 00:00:00.0'},{ts '2016-03-03 00:00:00.0'},null,null,1000020);
INSERT INTO "APP2"."PLAN" (ID,CREATED_BY,CREATED_DATE,STATUS,UPDATED_BY,UPDATED_DATE,VERSION,DATE_END,DATE_START,NOTE,OTHER_TASK,TASK) VALUES (100002,null,null,null,null,null,0,{ts '2016-03-03 00:00:00.0'},{ts '2016-03-01 00:00:00.0'},null,null,100002);
INSERT INTO "APP2"."PLAN" (ID,CREATED_BY,CREATED_DATE,STATUS,UPDATED_BY,UPDATED_DATE,VERSION,DATE_END,DATE_START,NOTE,OTHER_TASK,TASK) VALUES (100003,null,null,null,null,null,0,{ts '2016-03-04 00:00:00.0'},{ts '2016-03-01 00:00:00.0'},null,null,100004);
INSERT INTO "APP2"."PLAN" (ID,CREATED_BY,CREATED_DATE,STATUS,UPDATED_BY,UPDATED_DATE,VERSION,DATE_END,DATE_START,NOTE,OTHER_TASK,TASK) VALUES (100004,null,null,null,null,null,0,{ts '2016-03-25 00:00:00.0'},{ts '2016-03-11 00:00:00.0'},null,null,1000034);
INSERT INTO "APP2"."PLAN" (ID,CREATED_BY,CREATED_DATE,STATUS,UPDATED_BY,UPDATED_DATE,VERSION,DATE_END,DATE_START,NOTE,OTHER_TASK,TASK) VALUES (100005,null,null,null,null,null,0,{ts '2016-03-18 00:00:00.0'},{ts '2016-03-17 00:00:00.0'},null,100001,null);
INSERT INTO "APP2"."PLAN" (ID,CREATED_BY,CREATED_DATE,STATUS,UPDATED_BY,UPDATED_DATE,VERSION,DATE_END,DATE_START,NOTE,OTHER_TASK,TASK) VALUES (100006,null,null,null,null,null,0,{ts '2016-03-12 00:00:00.0'},{ts '2016-03-03 00:00:00.0'},null,null,100003);
INSERT INTO "APP2"."PLAN" (ID,CREATED_BY,CREATED_DATE,STATUS,UPDATED_BY,UPDATED_DATE,VERSION,DATE_END,DATE_START,NOTE,OTHER_TASK,TASK) VALUES (100007,null,null,null,null,null,0,{ts '2016-03-04 00:00:00.0'},{ts '2016-03-01 00:00:00.0'},null,null,100001);
INSERT INTO "APP2"."PLAN" (ID,CREATED_BY,CREATED_DATE,STATUS,UPDATED_BY,UPDATED_DATE,VERSION,DATE_END,DATE_START,NOTE,OTHER_TASK,TASK) VALUES (100008,null,null,null,null,null,0,{ts '2016-03-05 00:00:00.0'},{ts '2016-03-03 00:00:00.0'},null,null,100009);
INSERT INTO "APP2"."PLAN" (ID,CREATED_BY,CREATED_DATE,STATUS,UPDATED_BY,UPDATED_DATE,VERSION,DATE_END,DATE_START,NOTE,OTHER_TASK,TASK) VALUES (100009,null,null,null,null,null,0,{ts '2016-03-28 00:00:00.0'},{ts '2016-03-01 00:00:00.0'},null,null,1000014);
INSERT INTO "APP2"."PLAN" (ID,CREATED_BY,CREATED_DATE,STATUS,UPDATED_BY,UPDATED_DATE,VERSION,DATE_END,DATE_START,NOTE,OTHER_TASK,TASK) VALUES (1000010,null,null,null,null,null,0,{ts '2016-03-04 00:00:00.0'},{ts '2016-03-04 00:00:00.0'},null,100002,null);
INSERT INTO "APP2"."PLAN" (ID,CREATED_BY,CREATED_DATE,STATUS,UPDATED_BY,UPDATED_DATE,VERSION,DATE_END,DATE_START,NOTE,OTHER_TASK,TASK) VALUES (1000011,null,null,null,null,null,0,{ts '2016-03-07 00:00:00.0'},{ts '2016-03-05 00:00:00.0'},null,100003,null);
INSERT INTO "APP2"."PLAN" (ID,CREATED_BY,CREATED_DATE,STATUS,UPDATED_BY,UPDATED_DATE,VERSION,DATE_END,DATE_START,NOTE,OTHER_TASK,TASK) VALUES (1000012,null,null,null,null,null,0,{ts '2016-03-07 00:00:00.0'},{ts '2016-03-03 00:00:00.0'},null,null,1000044);
INSERT INTO "APP2"."PLAN" (ID,CREATED_BY,CREATED_DATE,STATUS,UPDATED_BY,UPDATED_DATE,VERSION,DATE_END,DATE_START,NOTE,OTHER_TASK,TASK) VALUES (1000013,null,null,null,null,null,0,{ts '2016-03-04 00:00:00.0'},{ts '2016-03-01 00:00:00.0'},null,null,1000037);
INSERT INTO "APP2"."PLAN" (ID,CREATED_BY,CREATED_DATE,STATUS,UPDATED_BY,UPDATED_DATE,VERSION,DATE_END,DATE_START,NOTE,OTHER_TASK,TASK) VALUES (1000014,null,null,null,null,null,0,{ts '2016-03-25 00:00:00.0'},{ts '2016-03-18 00:00:00.0'},null,null,1000045);
INSERT INTO "APP2"."PLAN" (ID,CREATED_BY,CREATED_DATE,STATUS,UPDATED_BY,UPDATED_DATE,VERSION,DATE_END,DATE_START,NOTE,OTHER_TASK,TASK) VALUES (1000015,null,null,null,null,null,0,{ts '2016-03-20 00:00:00.0'},{ts '2016-03-18 00:00:00.0'},null,null,1000042);