-- INSERT INTO "APP2"."TYPE_TASK" (ID,CREATED_BY,CREATED_DATE,STATUS,UPDATED_BY,UPDATED_DATE,VERSION,TYPE_TASK_CODE,TYPE_TASK_NAME) VALUES (100001,null,null,null,null,null,0,'TT001','Dev');
-- INSERT INTO "APP2"."TYPE_TASK" (ID,CREATED_BY,CREATED_DATE,STATUS,UPDATED_BY,UPDATED_DATE,VERSION,TYPE_TASK_CODE,TYPE_TASK_NAME) VALUES (100002,null,null,null,null,null,0,'TT002','Design');
-- INSERT INTO "APP2"."TYPE_TASK" (ID,CREATED_BY,CREATED_DATE,STATUS,UPDATED_BY,UPDATED_DATE,VERSION,TYPE_TASK_CODE,TYPE_TASK_NAME) VALUES (100003,null,null,null,null,null,0,'TT003','Maintenance');
-- INSERT INTO "APP2"."TYPE_TASK" (ID,CREATED_BY,CREATED_DATE,STATUS,UPDATED_BY,UPDATED_DATE,VERSION,TYPE_TASK_CODE,TYPE_TASK_NAME) VALUES (100004,null,null,null,null,null,0,'TT004','Business');
-- INSERT INTO "APP2"."TYPE_TASK" (ID,CREATED_BY,CREATED_DATE,STATUS,UPDATED_BY,UPDATED_DATE,VERSION,TYPE_TASK_CODE,TYPE_TASK_NAME) VALUES (100005,null,null,null,null,null,0,'TT005','Technique');
-- INSERT INTO "APP2"."TYPE_TASK" (ID,CREATED_BY,CREATED_DATE,STATUS,UPDATED_BY,UPDATED_DATE,VERSION,TYPE_TASK_CODE,TYPE_TASK_NAME) VALUES (100006,null,null,null,null,null,0,'TT006','Edit Bug');


-- INSERT INTO "APP2"."IMPORTANCE_TASK" (ID,CREATED_BY,CREATED_DATE,STATUS,UPDATED_BY,UPDATED_DATE,VERSION,IMPORTANCE_TASK_CODE,IMPORTANCE_TASK_NAME) VALUES (100001,null,null,null,null,null,0,'IT001','Level 1');
-- INSERT INTO "APP2"."IMPORTANCE_TASK" (ID,CREATED_BY,CREATED_DATE,STATUS,UPDATED_BY,UPDATED_DATE,VERSION,IMPORTANCE_TASK_CODE,IMPORTANCE_TASK_NAME) VALUES (100002,null,null,null,null,null,0,'IT002','Level 2');
-- INSERT INTO "APP2"."IMPORTANCE_TASK" (ID,CREATED_BY,CREATED_DATE,STATUS,UPDATED_BY,UPDATED_DATE,VERSION,IMPORTANCE_TASK_CODE,IMPORTANCE_TASK_NAME) VALUES (100003,null,null,null,null,null,0,'IT003','Level 3');
-- INSERT INTO "APP2"."IMPORTANCE_TASK" (ID,CREATED_BY,CREATED_DATE,STATUS,UPDATED_BY,UPDATED_DATE,VERSION,IMPORTANCE_TASK_CODE,IMPORTANCE_TASK_NAME) VALUES (100004,null,null,null,null,null,0,'IT004','Level 4');
-- INSERT INTO "APP2"."IMPORTANCE_TASK" (ID,CREATED_BY,CREATED_DATE,STATUS,UPDATED_BY,UPDATED_DATE,VERSION,IMPORTANCE_TASK_CODE,IMPORTANCE_TASK_NAME) VALUES (100005,null,null,null,null,null,0,'IT005','Level 5');
-- INSERT INTO "APP2"."IMPORTANCE_TASK" (ID,CREATED_BY,CREATED_DATE,STATUS,UPDATED_BY,UPDATED_DATE,VERSION,IMPORTANCE_TASK_CODE,IMPORTANCE_TASK_NAME) VALUES (100006,null,null,null,null,null,0,'IT006','Level 6');


-- INSERT INTO "APP2"."PROJECT" (ID,CREATED_BY,CREATED_DATE,STATUS,UPDATED_BY,UPDATED_DATE,VERSION,DATE_END,DATE_START,PROJECT_CODE,PROJECT_COST,PROJECT_NAME) VALUES (100001,null,null,null,null,null,1,{ts '2016-03-25 00:00:00.0'},{ts '2016-03-05 00:00:00.0'},'PPMS',2000,'Plan and Project Management System');
-- INSERT INTO "APP2"."PROJECT" (ID,CREATED_BY,CREATED_DATE,STATUS,UPDATED_BY,UPDATED_DATE,VERSION,DATE_END,DATE_START,PROJECT_CODE,PROJECT_COST,PROJECT_NAME) VALUES (100002,null,null,null,null,null,0,{ts '2016-05-31 00:00:00.0'},{ts '2016-03-01 00:00:00.0'},'HRMS',1200,'Human Resource Management System');


-- INSERT INTO "APP2"."PROJECT_MANAGER" (ID,CREATED_BY,CREATED_DATE,STATUS,UPDATED_BY,UPDATED_DATE,VERSION,EMP_CODE,PROJECT) VALUES (100001,null,null,null,null,null,0,'EM001',100001);
-- INSERT INTO "APP2"."PROJECT_MANAGER" (ID,CREATED_BY,CREATED_DATE,STATUS,UPDATED_BY,UPDATED_DATE,VERSION,EMP_CODE,PROJECT) VALUES (100002,null,null,null,null,null,0,'EM002',100001);
-- INSERT INTO "APP2"."PROJECT_MANAGER" (ID,CREATED_BY,CREATED_DATE,STATUS,UPDATED_BY,UPDATED_DATE,VERSION,EMP_CODE,PROJECT) VALUES (100003,null,null,null,null,null,0,'EM003',100002);
-- INSERT INTO "APP2"."PROJECT_MANAGER" (ID,CREATED_BY,CREATED_DATE,STATUS,UPDATED_BY,UPDATED_DATE,VERSION,EMP_CODE,PROJECT) VALUES (100004,null,null,null,null,null,0,'EM004',100002);


-- INSERT INTO "APP2"."MODULE_PROJECT" (ID,CREATED_BY,CREATED_DATE,STATUS,UPDATED_BY,UPDATED_DATE,VERSION,DATE_END,DATE_START,MODULE_CODE,MODULE_COST,MODULE_NAME,MODULE_STATUS,PROJECT) VALUES (100001,null,null,null,null,null,0,{ts '2016-03-25 15:07:16.0'},{ts '2016-03-05 15:07:16.0'},'EMM',1000,'Employee Management','Not Success',100001);
-- INSERT INTO "APP2"."MODULE_PROJECT" (ID,CREATED_BY,CREATED_DATE,STATUS,UPDATED_BY,UPDATED_DATE,VERSION,DATE_END,DATE_START,MODULE_CODE,MODULE_COST,MODULE_NAME,MODULE_STATUS,PROJECT) VALUES (100002,null,null,null,null,null,0,{ts '2016-03-25 15:07:21.0'},{ts '2016-03-05 15:07:21.0'},'PNM',500,'Plan Management','Not Success',100001);
-- INSERT INTO "APP2"."MODULE_PROJECT" (ID,CREATED_BY,CREATED_DATE,STATUS,UPDATED_BY,UPDATED_DATE,VERSION,DATE_END,DATE_START,MODULE_CODE,MODULE_COST,MODULE_NAME,MODULE_STATUS,PROJECT) VALUES (100003,null,null,null,null,null,0,{ts '2016-03-10 15:07:35.0'},{ts '2016-03-07 15:07:35.0'},'SC',500,'Security','Not Success',100001);
-- INSERT INTO "APP2"."MODULE_PROJECT" (ID,CREATED_BY,CREATED_DATE,STATUS,UPDATED_BY,UPDATED_DATE,VERSION,DATE_END,DATE_START,MODULE_CODE,MODULE_COST,MODULE_NAME,MODULE_STATUS,PROJECT) VALUES (100004,null,null,null,null,null,0,{ts '2016-03-23 15:09:10.0'},{ts '2016-03-07 15:09:10.0'},'ESS',100,'Employees Sale Service','Not Success',100002);
-- INSERT INTO "APP2"."MODULE_PROJECT" (ID,CREATED_BY,CREATED_DATE,STATUS,UPDATED_BY,UPDATED_DATE,VERSION,DATE_END,DATE_START,MODULE_CODE,MODULE_COST,MODULE_NAME,MODULE_STATUS,PROJECT) VALUES (100005,null,null,null,null,null,0,{ts '2016-03-15 15:09:41.0'},{ts '2016-03-02 15:09:41.0'},'TD',100,'Training Development','Not Success',100002);


-- INSERT INTO "APP2"."MODULE_MANAGER" (ID,CREATED_BY,CREATED_DATE,STATUS,UPDATED_BY,UPDATED_DATE,VERSION,EMP_CODE,MODULE_PROJECT) VALUES (100001,null,null,null,null,null,0,'EM001',100001);
-- INSERT INTO "APP2"."MODULE_MANAGER" (ID,CREATED_BY,CREATED_DATE,STATUS,UPDATED_BY,UPDATED_DATE,VERSION,EMP_CODE,MODULE_PROJECT) VALUES (100002,null,null,null,null,null,0,'EM005',100001);
-- INSERT INTO "APP2"."MODULE_MANAGER" (ID,CREATED_BY,CREATED_DATE,STATUS,UPDATED_BY,UPDATED_DATE,VERSION,EMP_CODE,MODULE_PROJECT) VALUES (100003,null,null,null,null,null,0,'EM004',100002);
-- INSERT INTO "APP2"."MODULE_MANAGER" (ID,CREATED_BY,CREATED_DATE,STATUS,UPDATED_BY,UPDATED_DATE,VERSION,EMP_CODE,MODULE_PROJECT) VALUES (100004,null,null,null,null,null,0,'EM004',100003);
-- INSERT INTO "APP2"."MODULE_MANAGER" (ID,CREATED_BY,CREATED_DATE,STATUS,UPDATED_BY,UPDATED_DATE,VERSION,EMP_CODE,MODULE_PROJECT) VALUES (100005,null,null,null,null,null,0,'EM005',100004);
-- INSERT INTO "APP2"."MODULE_MANAGER" (ID,CREATED_BY,CREATED_DATE,STATUS,UPDATED_BY,UPDATED_DATE,VERSION,EMP_CODE,MODULE_PROJECT) VALUES (100006,null,null,null,null,null,0,'EM006',100004);
-- INSERT INTO "APP2"."MODULE_MANAGER" (ID,CREATED_BY,CREATED_DATE,STATUS,UPDATED_BY,UPDATED_DATE,VERSION,EMP_CODE,MODULE_PROJECT) VALUES (100007,null,null,null,null,null,0,'EM003',100005);
-- INSERT INTO "APP2"."MODULE_MANAGER" (ID,CREATED_BY,CREATED_DATE,STATUS,UPDATED_BY,UPDATED_DATE,VERSION,EMP_CODE,MODULE_PROJECT) VALUES (100008,null,null,null,null,null,0,'EM004',100005);


-- INSERT INTO "APP2"."MODULE_MEMBER" (ID,CREATED_BY,CREATED_DATE,STATUS,UPDATED_BY,UPDATED_DATE,VERSION,EMP_CODE,MODULE_PROJECT) VALUES (100001,null,null,null,null,null,0,'EM006',100001);
-- INSERT INTO "APP2"."MODULE_MEMBER" (ID,CREATED_BY,CREATED_DATE,STATUS,UPDATED_BY,UPDATED_DATE,VERSION,EMP_CODE,MODULE_PROJECT) VALUES (100002,null,null,null,null,null,0,'EM007',100001);
-- INSERT INTO "APP2"."MODULE_MEMBER" (ID,CREATED_BY,CREATED_DATE,STATUS,UPDATED_BY,UPDATED_DATE,VERSION,EMP_CODE,MODULE_PROJECT) VALUES (100003,null,null,null,null,null,0,'EM003',100001);
-- INSERT INTO "APP2"."MODULE_MEMBER" (ID,CREATED_BY,CREATED_DATE,STATUS,UPDATED_BY,UPDATED_DATE,VERSION,EMP_CODE,MODULE_PROJECT) VALUES (100004,null,null,null,null,null,0,'EM004',100001);
-- INSERT INTO "APP2"."MODULE_MEMBER" (ID,CREATED_BY,CREATED_DATE,STATUS,UPDATED_BY,UPDATED_DATE,VERSION,EMP_CODE,MODULE_PROJECT) VALUES (100005,null,null,null,null,null,0,'EM004',100001);
-- INSERT INTO "APP2"."MODULE_MEMBER" (ID,CREATED_BY,CREATED_DATE,STATUS,UPDATED_BY,UPDATED_DATE,VERSION,EMP_CODE,MODULE_PROJECT) VALUES (100006,null,null,null,null,null,0,'EM003',100001);
-- INSERT INTO "APP2"."MODULE_MEMBER" (ID,CREATED_BY,CREATED_DATE,STATUS,UPDATED_BY,UPDATED_DATE,VERSION,EMP_CODE,MODULE_PROJECT) VALUES (100007,null,null,null,null,null,0,'EM006',100002);
-- INSERT INTO "APP2"."MODULE_MEMBER" (ID,CREATED_BY,CREATED_DATE,STATUS,UPDATED_BY,UPDATED_DATE,VERSION,EMP_CODE,MODULE_PROJECT) VALUES (100008,null,null,null,null,null,0,'EM007',100002);
-- INSERT INTO "APP2"."MODULE_MEMBER" (ID,CREATED_BY,CREATED_DATE,STATUS,UPDATED_BY,UPDATED_DATE,VERSION,EMP_CODE,MODULE_PROJECT) VALUES (100009,null,null,null,null,null,0,'EM003',100002);
-- INSERT INTO "APP2"."MODULE_MEMBER" (ID,CREATED_BY,CREATED_DATE,STATUS,UPDATED_BY,UPDATED_DATE,VERSION,EMP_CODE,MODULE_PROJECT) VALUES (100010,null,null,null,null,null,0,'EM004',100003);
-- INSERT INTO "APP2"."MODULE_MEMBER" (ID,CREATED_BY,CREATED_DATE,STATUS,UPDATED_BY,UPDATED_DATE,VERSION,EMP_CODE,MODULE_PROJECT) VALUES (100011,null,null,null,null,null,0,'EM006',100004);
-- INSERT INTO "APP2"."MODULE_MEMBER" (ID,CREATED_BY,CREATED_DATE,STATUS,UPDATED_BY,UPDATED_DATE,VERSION,EMP_CODE,MODULE_PROJECT) VALUES (100012,null,null,null,null,null,0,'EM004',100004);
-- INSERT INTO "APP2"."MODULE_MEMBER" (ID,CREATED_BY,CREATED_DATE,STATUS,UPDATED_BY,UPDATED_DATE,VERSION,EMP_CODE,MODULE_PROJECT) VALUES (100013,null,null,null,null,null,0,'EM001',100005);
-- INSERT INTO "APP2"."MODULE_MEMBER" (ID,CREATED_BY,CREATED_DATE,STATUS,UPDATED_BY,UPDATED_DATE,VERSION,EMP_CODE,MODULE_PROJECT) VALUES (100014,null,null,null,null,null,0,'EM006',100005);
-- INSERT INTO "APP2"."MODULE_MEMBER" (ID,CREATED_BY,CREATED_DATE,STATUS,UPDATED_BY,UPDATED_DATE,VERSION,EMP_CODE,MODULE_PROJECT) VALUES (100015,null,null,null,null,null,0,'EM001',100005);


-- INSERT INTO "APP2"."PROGRAM" (ID,CREATED_BY,CREATED_DATE,STATUS,UPDATED_BY,UPDATED_DATE,VERSION,PROGRAM_CODE,PROGRAM_NAME,MODULE_PROJECT) VALUES (100001,null,null,null,null,null,0,'EMM01','Add Employee',100001);
-- INSERT INTO "APP2"."PROGRAM" (ID,CREATED_BY,CREATED_DATE,STATUS,UPDATED_BY,UPDATED_DATE,VERSION,PROGRAM_CODE,PROGRAM_NAME,MODULE_PROJECT) VALUES (100002,null,null,null,null,null,0,'EMM02','Add Role',100001);
-- INSERT INTO "APP2"."PROGRAM" (ID,CREATED_BY,CREATED_DATE,STATUS,UPDATED_BY,UPDATED_DATE,VERSION,PROGRAM_CODE,PROGRAM_NAME,MODULE_PROJECT) VALUES (100003,null,null,null,null,null,0,'EMM03','Add Position',100001);
-- INSERT INTO "APP2"."PROGRAM" (ID,CREATED_BY,CREATED_DATE,STATUS,UPDATED_BY,UPDATED_DATE,VERSION,PROGRAM_CODE,PROGRAM_NAME,MODULE_PROJECT) VALUES (100004,null,null,null,null,null,0,'PNM01','Edit Project',100002);
-- INSERT INTO "APP2"."PROGRAM" (ID,CREATED_BY,CREATED_DATE,STATUS,UPDATED_BY,UPDATED_DATE,VERSION,PROGRAM_CODE,PROGRAM_NAME,MODULE_PROJECT) VALUES (100005,null,null,null,null,null,0,'PNM02','Create Project',100002);
-- INSERT INTO "APP2"."PROGRAM" (ID,CREATED_BY,CREATED_DATE,STATUS,UPDATED_BY,UPDATED_DATE,VERSION,PROGRAM_CODE,PROGRAM_NAME,MODULE_PROJECT) VALUES (100006,null,null,null,null,null,0,'PNM03','Progress Project',100002);
-- INSERT INTO "APP2"."PROGRAM" (ID,CREATED_BY,CREATED_DATE,STATUS,UPDATED_BY,UPDATED_DATE,VERSION,PROGRAM_CODE,PROGRAM_NAME,MODULE_PROJECT) VALUES (100007,null,null,null,null,null,0,'SC01','AppMenuView',100003);
-- INSERT INTO "APP2"."PROGRAM" (ID,CREATED_BY,CREATED_DATE,STATUS,UPDATED_BY,UPDATED_DATE,VERSION,PROGRAM_CODE,PROGRAM_NAME,MODULE_PROJECT) VALUES (100008,null,null,null,null,null,0,'SC02','AppRoleView',100003);
-- INSERT INTO "APP2"."PROGRAM" (ID,CREATED_BY,CREATED_DATE,STATUS,UPDATED_BY,UPDATED_DATE,VERSION,PROGRAM_CODE,PROGRAM_NAME,MODULE_PROJECT) VALUES (100009,null,null,null,null,null,0,'SC03','DataAccessFailure',100003);
-- INSERT INTO "APP2"."PROGRAM" (ID,CREATED_BY,CREATED_DATE,STATUS,UPDATED_BY,UPDATED_DATE,VERSION,PROGRAM_CODE,PROGRAM_NAME,MODULE_PROJECT) VALUES (1000010,null,null,null,null,null,0,'ESS01','findApprove',100004);
-- INSERT INTO "APP2"."PROGRAM" (ID,CREATED_BY,CREATED_DATE,STATUS,UPDATED_BY,UPDATED_DATE,VERSION,PROGRAM_CODE,PROGRAM_NAME,MODULE_PROJECT) VALUES (1000011,null,null,null,null,null,0,'ESS02','shiftrequests',100004);
-- INSERT INTO "APP2"."PROGRAM" (ID,CREATED_BY,CREATED_DATE,STATUS,UPDATED_BY,UPDATED_DATE,VERSION,PROGRAM_CODE,PROGRAM_NAME,MODULE_PROJECT) VALUES (1000012,null,null,null,null,null,0,'ESS03','Reports',100004);
-- INSERT INTO "APP2"."PROGRAM" (ID,CREATED_BY,CREATED_DATE,STATUS,UPDATED_BY,UPDATED_DATE,VERSION,PROGRAM_CODE,PROGRAM_NAME,MODULE_PROJECT) VALUES (1000013,null,null,null,null,null,0,'TD01','Edit Project',100005);
-- INSERT INTO "APP2"."PROGRAM" (ID,CREATED_BY,CREATED_DATE,STATUS,UPDATED_BY,UPDATED_DATE,VERSION,PROGRAM_CODE,PROGRAM_NAME,MODULE_PROJECT) VALUES (1000014,null,null,null,null,null,0,'TD02','Create Project',100005);
-- INSERT INTO "APP2"."PROGRAM" (ID,CREATED_BY,CREATED_DATE,STATUS,UPDATED_BY,UPDATED_DATE,VERSION,PROGRAM_CODE,PROGRAM_NAME,MODULE_PROJECT) VALUES (1000015,null,null,null,null,null,0,'TD03','Progress Project',100005);


-- INSERT INTO "APP2"."TASK" (ID,CREATED_BY,CREATED_DATE,STATUS,UPDATED_BY,UPDATED_DATE,VERSION,DATE_END,DATE_START,DETAIL,EMP_CODE,FILE_NAME,PROGRESS,TASK_CODE,TASK_COST,TASK_NAME,URL,PROGRAM,TYPE_TASK,TASK_STATUS, IMPORTANCE_TASK) VALUES (100001,null,null,null,null,null,1,{ts '2016-03-25 15:07:16.0'},{ts '2016-03-05 15:07:16.0'},null,'EM003',null,100,'EMMPG01TSK001',5,'Gen Class EM',null,100001,100001,'R',100001);
-- INSERT INTO "APP2"."TASK" (ID,CREATED_BY,CREATED_DATE,STATUS,UPDATED_BY,UPDATED_DATE,VERSION,DATE_END,DATE_START,DETAIL,EMP_CODE,FILE_NAME,PROGRESS,TASK_CODE,TASK_COST,TASK_NAME,URL,PROGRAM,TYPE_TASK,TASK_STATUS, IMPORTANCE_TASK) VALUES (100002,null,null,null,null,null,0,null,null,null,'EM004',null,100,'EMMPG01TSK002',1,'Dev Add Employee',null,100001,100002,'R',100001);
-- INSERT INTO "APP2"."TASK" (ID,CREATED_BY,CREATED_DATE,STATUS,UPDATED_BY,UPDATED_DATE,VERSION,DATE_END,DATE_START,DETAIL,EMP_CODE,FILE_NAME,PROGRESS,TASK_CODE,TASK_COST,TASK_NAME,URL,PROGRAM,TYPE_TASK,TASK_STATUS, IMPORTANCE_TASK) VALUES (100003,null,null,null,null,null,1,null,null,null,'EM003',null,10,'EMMPG01TSK003',1,'Dev Add Role',null,100001,100003,'N',100001);
-- INSERT INTO "APP2"."TASK" (ID,CREATED_BY,CREATED_DATE,STATUS,UPDATED_BY,UPDATED_DATE,VERSION,DATE_END,DATE_START,DETAIL,EMP_CODE,FILE_NAME,PROGRESS,TASK_CODE,TASK_COST,TASK_NAME,URL,PROGRAM,TYPE_TASK,TASK_STATUS, IMPORTANCE_TASK) VALUES (100004,null,null,null,null,null,0,null,null,null,'EM002',null,100,'EMMPG02TSK001',1.11,'Dev Add Position',null,100002,100004,'C',100001);
-- INSERT INTO "APP2"."TASK" (ID,CREATED_BY,CREATED_DATE,STATUS,UPDATED_BY,UPDATED_DATE,VERSION,DATE_END,DATE_START,DETAIL,EMP_CODE,FILE_NAME,PROGRESS,TASK_CODE,TASK_COST,TASK_NAME,URL,PROGRAM,TYPE_TASK,TASK_STATUS, IMPORTANCE_TASK) VALUES (100005,null,null,null,null,null,1,null,null,null,null,null,100,'EMMPG02TSK002',1,'Gen Spring Message EM',null,100002,100005,'R',100001);
-- INSERT INTO "APP2"."TASK" (ID,CREATED_BY,CREATED_DATE,STATUS,UPDATED_BY,UPDATED_DATE,VERSION,DATE_END,DATE_START,DETAIL,EMP_CODE,FILE_NAME,PROGRESS,TASK_CODE,TASK_COST,TASK_NAME,URL,PROGRAM,TYPE_TASK,TASK_STATUS, IMPORTANCE_TASK) VALUES (100006,null,null,null,null,null,0,null,null,null,null,null,100,'EMMPG02TSK003',1,'Gen Report001',null,100002,100006,'R',100001);
-- INSERT INTO "APP2"."TASK" (ID,CREATED_BY,CREATED_DATE,STATUS,UPDATED_BY,UPDATED_DATE,VERSION,DATE_END,DATE_START,DETAIL,EMP_CODE,FILE_NAME,PROGRESS,TASK_CODE,TASK_COST,TASK_NAME,URL,PROGRAM,TYPE_TASK,TASK_STATUS, IMPORTANCE_TASK) VALUES (100007,null,null,null,null,null,0,null,null,null,null,null,100,'EMMPG03TSK001',1,'Gen Report002',null,100003,100001,'R',100001);
-- INSERT INTO "APP2"."TASK" (ID,CREATED_BY,CREATED_DATE,STATUS,UPDATED_BY,UPDATED_DATE,VERSION,DATE_END,DATE_START,DETAIL,EMP_CODE,FILE_NAME,PROGRESS,TASK_CODE,TASK_COST,TASK_NAME,URL,PROGRAM,TYPE_TASK,TASK_STATUS, IMPORTANCE_TASK) VALUES (100008,null,null,null,null,null,0,null,null,null,'EM004',null,100,'EMMPG03TSK002',1,'Gen Report003',null,100003,100004,'R',100002);
-- INSERT INTO "APP2"."TASK" (ID,CREATED_BY,CREATED_DATE,STATUS,UPDATED_BY,UPDATED_DATE,VERSION,DATE_END,DATE_START,DETAIL,EMP_CODE,FILE_NAME,PROGRESS,TASK_CODE,TASK_COST,TASK_NAME,URL,PROGRAM,TYPE_TASK,TASK_STATUS, IMPORTANCE_TASK) VALUES (100009,null,null,null,null,null,1,null,null,null,'EM003',null,10,'EMMPG03TSK003',1,'Make Data EM',null,100003,100005,'N',100002);
-- INSERT INTO "APP2"."TASK" (ID,CREATED_BY,CREATED_DATE,STATUS,UPDATED_BY,UPDATED_DATE,VERSION,DATE_END,DATE_START,DETAIL,EMP_CODE,FILE_NAME,PROGRESS,TASK_CODE,TASK_COST,TASK_NAME,URL,PROGRAM,TYPE_TASK,TASK_STATUS, IMPORTANCE_TASK) VALUES (1000010,null,null,null,null,null,0,{ts '2016-03-25 15:07:16.0'},{ts '2016-03-05 15:07:16.0'},null,'EM002',null,100,'PNMPG01TSK001',1,'Gen Class PJM',null,100004,100001,'R',100002);
-- INSERT INTO "APP2"."TASK" (ID,CREATED_BY,CREATED_DATE,STATUS,UPDATED_BY,UPDATED_DATE,VERSION,DATE_END,DATE_START,DETAIL,EMP_CODE,FILE_NAME,PROGRESS,TASK_CODE,TASK_COST,TASK_NAME,URL,PROGRAM,TYPE_TASK,TASK_STATUS, IMPORTANCE_TASK) VALUES (1000011,null,null,null,null,null,0,null,null,null,null,null,100,'PNMPG01TSK002',1,'Dev Edit Project',null,100004,100004,'R',100002);
-- INSERT INTO "APP2"."TASK" (ID,CREATED_BY,CREATED_DATE,STATUS,UPDATED_BY,UPDATED_DATE,VERSION,DATE_END,DATE_START,DETAIL,EMP_CODE,FILE_NAME,PROGRESS,TASK_CODE,TASK_COST,TASK_NAME,URL,PROGRAM,TYPE_TASK,TASK_STATUS, IMPORTANCE_TASK) VALUES (1000012,null,null,null,null,null,0,null,null,null,null,null,100,'PNMPG01TSK003',1,'Dev Create Project',null,100004,100005,'R',100002);
-- INSERT INTO "APP2"."TASK" (ID,CREATED_BY,CREATED_DATE,STATUS,UPDATED_BY,UPDATED_DATE,VERSION,DATE_END,DATE_START,DETAIL,EMP_CODE,FILE_NAME,PROGRESS,TASK_CODE,TASK_COST,TASK_NAME,URL,PROGRAM,TYPE_TASK,TASK_STATUS, IMPORTANCE_TASK) VALUES (1000013,null,null,null,null,null,0,null,null,null,null,null,100,'PNMPG02TSK001',1,'Dev Progress Project',null,100005,100001,'R',100002);
-- INSERT INTO "APP2"."TASK" (ID,CREATED_BY,CREATED_DATE,STATUS,UPDATED_BY,UPDATED_DATE,VERSION,DATE_END,DATE_START,DETAIL,EMP_CODE,FILE_NAME,PROGRESS,TASK_CODE,TASK_COST,TASK_NAME,URL,PROGRAM,TYPE_TASK,TASK_STATUS, IMPORTANCE_TASK) VALUES (1000014,null,null,null,null,null,1,null,null,null,'EM003',null,100,'PNMPG02TSK002',1,'Gen Spring Message PNM',null,100005,100001,'R',100002);
-- INSERT INTO "APP2"."TASK" (ID,CREATED_BY,CREATED_DATE,STATUS,UPDATED_BY,UPDATED_DATE,VERSION,DATE_END,DATE_START,DETAIL,EMP_CODE,FILE_NAME,PROGRESS,TASK_CODE,TASK_COST,TASK_NAME,URL,PROGRAM,TYPE_TASK,TASK_STATUS, IMPORTANCE_TASK) VALUES (1000015,null,null,null,null,null,0,null,null,null,'EM002',null,100,'PNMPG02TSK003',1,'Gen Report001',null,100005,100001,'R',100003);
-- INSERT INTO "APP2"."TASK" (ID,CREATED_BY,CREATED_DATE,STATUS,UPDATED_BY,UPDATED_DATE,VERSION,DATE_END,DATE_START,DETAIL,EMP_CODE,FILE_NAME,PROGRESS,TASK_CODE,TASK_COST,TASK_NAME,URL,PROGRAM,TYPE_TASK,TASK_STATUS, IMPORTANCE_TASK) VALUES (1000016,null,null,null,null,null,0,null,null,null,null,null,100,'PNMPG03TSK001',1,'Gen Report002',null,100006,100004,'R',100003);
-- INSERT INTO "APP2"."TASK" (ID,CREATED_BY,CREATED_DATE,STATUS,UPDATED_BY,UPDATED_DATE,VERSION,DATE_END,DATE_START,DETAIL,EMP_CODE,FILE_NAME,PROGRESS,TASK_CODE,TASK_COST,TASK_NAME,URL,PROGRAM,TYPE_TASK,TASK_STATUS, IMPORTANCE_TASK) VALUES (1000017,null,null,null,null,null,0,null,null,null,null,null,100,'PNMPG03TSK002',1,'Gen Report003',null,100006,100003,'R',100003);
-- INSERT INTO "APP2"."TASK" (ID,CREATED_BY,CREATED_DATE,STATUS,UPDATED_BY,UPDATED_DATE,VERSION,DATE_END,DATE_START,DETAIL,EMP_CODE,FILE_NAME,PROGRESS,TASK_CODE,TASK_COST,TASK_NAME,URL,PROGRAM,TYPE_TASK,TASK_STATUS, IMPORTANCE_TASK) VALUES (1000018,null,null,null,null,null,0,null,null,null,null,null,100,'PNMPG03TSK003',1,'Make Data EM',null,100006,100001,'R',100003);
-- INSERT INTO "APP2"."TASK" (ID,CREATED_BY,CREATED_DATE,STATUS,UPDATED_BY,UPDATED_DATE,VERSION,DATE_END,DATE_START,DETAIL,EMP_CODE,FILE_NAME,PROGRESS,TASK_CODE,TASK_COST,TASK_NAME,URL,PROGRAM,TYPE_TASK,TASK_STATUS, IMPORTANCE_TASK) VALUES (1000019,null,null,null,null,null,0,{ts '2016-03-25 15:07:16.0'},{ts '2016-03-05 15:07:16.0'},null,null,null,100,'SCPG01TSK001',1,'Gen Class Security',null,100007,100001,'R',100003);
-- INSERT INTO "APP2"."TASK" (ID,CREATED_BY,CREATED_DATE,STATUS,UPDATED_BY,UPDATED_DATE,VERSION,DATE_END,DATE_START,DETAIL,EMP_CODE,FILE_NAME,PROGRESS,TASK_CODE,TASK_COST,TASK_NAME,URL,PROGRAM,TYPE_TASK,TASK_STATUS, IMPORTANCE_TASK) VALUES (1000020,null,null,null,null,null,0,null,null,null,'EM004',null,100,'SCPG01TSK002',1,'Dev AppMenuView',null,100007,100004,'R',100003);
-- INSERT INTO "APP2"."TASK" (ID,CREATED_BY,CREATED_DATE,STATUS,UPDATED_BY,UPDATED_DATE,VERSION,DATE_END,DATE_START,DETAIL,EMP_CODE,FILE_NAME,PROGRESS,TASK_CODE,TASK_COST,TASK_NAME,URL,PROGRAM,TYPE_TASK,TASK_STATUS, IMPORTANCE_TASK) VALUES (1000021,null,null,null,null,null,0,null,null,null,null,null,100,'SCPG01TSK003',1,'Dev AppRoleView',null,100007,100005,'C',100003);
-- INSERT INTO "APP2"."TASK" (ID,CREATED_BY,CREATED_DATE,STATUS,UPDATED_BY,UPDATED_DATE,VERSION,DATE_END,DATE_START,DETAIL,EMP_CODE,FILE_NAME,PROGRESS,TASK_CODE,TASK_COST,TASK_NAME,URL,PROGRAM,TYPE_TASK,TASK_STATUS, IMPORTANCE_TASK) VALUES (1000022,null,null,null,null,null,0,null,null,null,null,null,100,'SCPG02TSK001',1,'Dev DataAccessFailure',null,100008,100002,'C',100004);
-- INSERT INTO "APP2"."TASK" (ID,CREATED_BY,CREATED_DATE,STATUS,UPDATED_BY,UPDATED_DATE,VERSION,DATE_END,DATE_START,DETAIL,EMP_CODE,FILE_NAME,PROGRESS,TASK_CODE,TASK_COST,TASK_NAME,URL,PROGRAM,TYPE_TASK,TASK_STATUS, IMPORTANCE_TASK) VALUES (1000023,null,null,null,null,null,0,null,null,null,null,null,100,'SCPG02TSK002',1,'Gen Spring Message SC',null,100008,100001,'C',100004);
-- INSERT INTO "APP2"."TASK" (ID,CREATED_BY,CREATED_DATE,STATUS,UPDATED_BY,UPDATED_DATE,VERSION,DATE_END,DATE_START,DETAIL,EMP_CODE,FILE_NAME,PROGRESS,TASK_CODE,TASK_COST,TASK_NAME,URL,PROGRAM,TYPE_TASK,TASK_STATUS, IMPORTANCE_TASK) VALUES (1000024,null,null,null,null,null,0,null,null,null,null,null,100,'SCPG02TSK003',1,'Gen Report001',null,100008,100006,'C',100004);
-- INSERT INTO "APP2"."TASK" (ID,CREATED_BY,CREATED_DATE,STATUS,UPDATED_BY,UPDATED_DATE,VERSION,DATE_END,DATE_START,DETAIL,EMP_CODE,FILE_NAME,PROGRESS,TASK_CODE,TASK_COST,TASK_NAME,URL,PROGRAM,TYPE_TASK,TASK_STATUS, IMPORTANCE_TASK) VALUES (1000025,null,null,null,null,null,0,null,null,null,null,null,100,'SCPG03TSK001',1,'Gen Report002',null,100009,100001,'C',100004);
-- INSERT INTO "APP2"."TASK" (ID,CREATED_BY,CREATED_DATE,STATUS,UPDATED_BY,UPDATED_DATE,VERSION,DATE_END,DATE_START,DETAIL,EMP_CODE,FILE_NAME,PROGRESS,TASK_CODE,TASK_COST,TASK_NAME,URL,PROGRAM,TYPE_TASK,TASK_STATUS, IMPORTANCE_TASK) VALUES (1000026,null,null,null,null,null,0,null,null,null,null,null,100,'SCPG03TSK003',1,'Gen Report003',null,100009,100001,'C',100004);
-- INSERT INTO "APP2"."TASK" (ID,CREATED_BY,CREATED_DATE,STATUS,UPDATED_BY,UPDATED_DATE,VERSION,DATE_END,DATE_START,DETAIL,EMP_CODE,FILE_NAME,PROGRESS,TASK_CODE,TASK_COST,TASK_NAME,URL,PROGRAM,TYPE_TASK,TASK_STATUS, IMPORTANCE_TASK) VALUES (1000027,null,null,null,null,null,0,null,null,null,null,null,100,'SCPG03TSK004',1,'Make Data SC',null,100009,100003,'C',100004);
-- INSERT INTO "APP2"."TASK" (ID,CREATED_BY,CREATED_DATE,STATUS,UPDATED_BY,UPDATED_DATE,VERSION,DATE_END,DATE_START,DETAIL,EMP_CODE,FILE_NAME,PROGRESS,TASK_CODE,TASK_COST,TASK_NAME,URL,PROGRAM,TYPE_TASK,TASK_STATUS, IMPORTANCE_TASK) VALUES (1000028,null,null,null,null,null,0,null,null,null,null,null,100,'ESSPG01TSK001',1,'Gen Class ESS',null,1000010,100001,'C',100004);
-- INSERT INTO "APP2"."TASK" (ID,CREATED_BY,CREATED_DATE,STATUS,UPDATED_BY,UPDATED_DATE,VERSION,DATE_END,DATE_START,DETAIL,EMP_CODE,FILE_NAME,PROGRESS,TASK_CODE,TASK_COST,TASK_NAME,URL,PROGRAM,TYPE_TASK,TASK_STATUS, IMPORTANCE_TASK) VALUES (1000029,null,null,null,null,null,0,{ts '2016-03-25 15:07:16.0'},{ts '2016-03-05 15:07:16.0'},null,null,null,100,'ESSPG01TSK002',1,'Dev findApprove',null,1000010,100001,'C',100005);
-- INSERT INTO "APP2"."TASK" (ID,CREATED_BY,CREATED_DATE,STATUS,UPDATED_BY,UPDATED_DATE,VERSION,DATE_END,DATE_START,DETAIL,EMP_CODE,FILE_NAME,PROGRESS,TASK_CODE,TASK_COST,TASK_NAME,URL,PROGRAM,TYPE_TASK,TASK_STATUS, IMPORTANCE_TASK) VALUES (1000030,null,null,null,null,null,0,null,null,null,null,null,100,'ESSPG01TSK003',1,'Dev shiftrequests',null,1000010,100003,'C',100005);
-- INSERT INTO "APP2"."TASK" (ID,CREATED_BY,CREATED_DATE,STATUS,UPDATED_BY,UPDATED_DATE,VERSION,DATE_END,DATE_START,DETAIL,EMP_CODE,FILE_NAME,PROGRESS,TASK_CODE,TASK_COST,TASK_NAME,URL,PROGRAM,TYPE_TASK,TASK_STATUS, IMPORTANCE_TASK) VALUES (1000031,null,null,null,null,null,0,null,null,null,null,null,100,'ESSPG02TSK001',1,'Gen Report001',null,1000011,100001,'C',100005);
-- INSERT INTO "APP2"."TASK" (ID,CREATED_BY,CREATED_DATE,STATUS,UPDATED_BY,UPDATED_DATE,VERSION,DATE_END,DATE_START,DETAIL,EMP_CODE,FILE_NAME,PROGRESS,TASK_CODE,TASK_COST,TASK_NAME,URL,PROGRAM,TYPE_TASK,TASK_STATUS, IMPORTANCE_TASK) VALUES (1000032,null,null,null,null,null,0,null,null,null,null,null,100,'ESSPG02TSK0011',1,'Gen Report002',null,1000011,100001,'C',100005);
-- INSERT INTO "APP2"."TASK" (ID,CREATED_BY,CREATED_DATE,STATUS,UPDATED_BY,UPDATED_DATE,VERSION,DATE_END,DATE_START,DETAIL,EMP_CODE,FILE_NAME,PROGRESS,TASK_CODE,TASK_COST,TASK_NAME,URL,PROGRAM,TYPE_TASK,TASK_STATUS, IMPORTANCE_TASK) VALUES (1000033,null,null,null,null,null,0,null,null,null,null,null,100,'ESSPG02TSK00111',1,'Gen Report003',null,1000011,100001,'C',100005);
-- INSERT INTO "APP2"."TASK" (ID,CREATED_BY,CREATED_DATE,STATUS,UPDATED_BY,UPDATED_DATE,VERSION,DATE_END,DATE_START,DETAIL,EMP_CODE,FILE_NAME,PROGRESS,TASK_CODE,TASK_COST,TASK_NAME,URL,PROGRAM,TYPE_TASK,TASK_STATUS, IMPORTANCE_TASK) VALUES (1000034,null,null,null,null,null,0,null,null,null,'EM002',null,100,'ESSPG03TSK001',1,'Gen Report004',null,1000012,100002,'C',100005);
-- INSERT INTO "APP2"."TASK" (ID,CREATED_BY,CREATED_DATE,STATUS,UPDATED_BY,UPDATED_DATE,VERSION,DATE_END,DATE_START,DETAIL,EMP_CODE,FILE_NAME,PROGRESS,TASK_CODE,TASK_COST,TASK_NAME,URL,PROGRAM,TYPE_TASK,TASK_STATUS, IMPORTANCE_TASK) VALUES (1000035,null,null,null,null,null,0,null,null,null,null,null,100,'ESSPG03TSK0011',1,'Gen Spring Message ESS',null,1000012,100005,'C',100005);
-- INSERT INTO "APP2"."TASK" (ID,CREATED_BY,CREATED_DATE,STATUS,UPDATED_BY,UPDATED_DATE,VERSION,DATE_END,DATE_START,DETAIL,EMP_CODE,FILE_NAME,PROGRESS,TASK_CODE,TASK_COST,TASK_NAME,URL,PROGRAM,TYPE_TASK,TASK_STATUS, IMPORTANCE_TASK) VALUES (1000036,null,null,null,null,null,0,null,null,null,null,null,100,'ESSPG03TSK00111',1,'Make Data ESS',null,1000012,100006,'C',100005);
-- INSERT INTO "APP2"."TASK" (ID,CREATED_BY,CREATED_DATE,STATUS,UPDATED_BY,UPDATED_DATE,VERSION,DATE_END,DATE_START,DETAIL,EMP_CODE,FILE_NAME,PROGRESS,TASK_CODE,TASK_COST,TASK_NAME,URL,PROGRAM,TYPE_TASK,TASK_STATUS, IMPORTANCE_TASK) VALUES (1000037,null,null,null,null,null,1,null,null,null,'EM001',null,100,'TDPG01TSK001',1,'Gen Class TD',null,1000013,100004,'C',100005);
-- INSERT INTO "APP2"."TASK" (ID,CREATED_BY,CREATED_DATE,STATUS,UPDATED_BY,UPDATED_DATE,VERSION,DATE_END,DATE_START,DETAIL,EMP_CODE,FILE_NAME,PROGRESS,TASK_CODE,TASK_COST,TASK_NAME,URL,PROGRAM,TYPE_TASK,TASK_STATUS, IMPORTANCE_TASK) VALUES (1000038,null,null,null,null,null,0,{ts '2016-03-25 15:07:16.0'},{ts '2016-03-05 15:07:16.0'},null,null,null,100,'TDPG01TSK0011',1,'Dev Edit Project',null,1000013,100002,'C',100006);
-- INSERT INTO "APP2"."TASK" (ID,CREATED_BY,CREATED_DATE,STATUS,UPDATED_BY,UPDATED_DATE,VERSION,DATE_END,DATE_START,DETAIL,EMP_CODE,FILE_NAME,PROGRESS,TASK_CODE,TASK_COST,TASK_NAME,URL,PROGRAM,TYPE_TASK,TASK_STATUS, IMPORTANCE_TASK) VALUES (1000039,null,null,null,null,null,0,null,null,null,null,null,100,'TDPG01TSK00111',1,'Dev Create Project',null,1000013,100005,'C',100006);
-- INSERT INTO "APP2"."TASK" (ID,CREATED_BY,CREATED_DATE,STATUS,UPDATED_BY,UPDATED_DATE,VERSION,DATE_END,DATE_START,DETAIL,EMP_CODE,FILE_NAME,PROGRESS,TASK_CODE,TASK_COST,TASK_NAME,URL,PROGRAM,TYPE_TASK,TASK_STATUS, IMPORTANCE_TASK) VALUES (1000040,null,null,null,null,null,0,null,null,null,null,null,100,'TDPG02TSK001',1,'Dev Progress Project',null,1000014,100001,'C',100006);
-- INSERT INTO "APP2"."TASK" (ID,CREATED_BY,CREATED_DATE,STATUS,UPDATED_BY,UPDATED_DATE,VERSION,DATE_END,DATE_START,DETAIL,EMP_CODE,FILE_NAME,PROGRESS,TASK_CODE,TASK_COST,TASK_NAME,URL,PROGRAM,TYPE_TASK,TASK_STATUS, IMPORTANCE_TASK) VALUES (1000041,null,null,null,null,null,0,null,null,null,null,null,100,'TDPG02TSK0011',1,'Gen Report001',null,1000014,100005,'C',100006);
-- INSERT INTO "APP2"."TASK" (ID,CREATED_BY,CREATED_DATE,STATUS,UPDATED_BY,UPDATED_DATE,VERSION,DATE_END,DATE_START,DETAIL,EMP_CODE,FILE_NAME,PROGRESS,TASK_CODE,TASK_COST,TASK_NAME,URL,PROGRAM,TYPE_TASK,TASK_STATUS, IMPORTANCE_TASK) VALUES (1000042,null,null,null,null,null,1,null,null,null,'EM001',null,100,'TDPG02TSK00111',1,'Gen Report002',null,1000014,100005,'C',100006);
-- INSERT INTO "APP2"."TASK" (ID,CREATED_BY,CREATED_DATE,STATUS,UPDATED_BY,UPDATED_DATE,VERSION,DATE_END,DATE_START,DETAIL,EMP_CODE,FILE_NAME,PROGRESS,TASK_CODE,TASK_COST,TASK_NAME,URL,PROGRAM,TYPE_TASK,TASK_STATUS, IMPORTANCE_TASK) VALUES (1000043,null,null,null,null,null,0,null,null,null,null,null,100,'TDPG03TSK001',1,'Gen Report003',null,1000015,100003,'C',100006);
-- INSERT INTO "APP2"."TASK" (ID,CREATED_BY,CREATED_DATE,STATUS,UPDATED_BY,UPDATED_DATE,VERSION,DATE_END,DATE_START,DETAIL,EMP_CODE,FILE_NAME,PROGRESS,TASK_CODE,TASK_COST,TASK_NAME,URL,PROGRAM,TYPE_TASK,TASK_STATUS, IMPORTANCE_TASK) VALUES (1000044,null,null,null,null,null,1,null,null,null,'EM001',null,100,'TDPG03TSK0011',1,'Gen Spring Message TD',null,1000015,100004,'C',100006);
-- INSERT INTO "APP2"."TASK" (ID,CREATED_BY,CREATED_DATE,STATUS,UPDATED_BY,UPDATED_DATE,VERSION,DATE_END,DATE_START,DETAIL,EMP_CODE,FILE_NAME,PROGRESS,TASK_CODE,TASK_COST,TASK_NAME,URL,PROGRAM,TYPE_TASK,TASK_STATUS, IMPORTANCE_TASK) VALUES (1000045,null,null,null,null,null,1,null,null,null,'EM001',null,100,'TDPG03TSK00111',1,'Make Data TD',null,1000015,100002,'C',100006);

-- INSERT INTO "APP2"."FOLLOWER_TASK" (ID,CREATED_BY,CREATED_DATE,STATUS,UPDATED_BY,UPDATED_DATE,VERSION,EMP_CODE,TASK) VALUES (100001,null,null,null,null,null,0,'EM003',100001);
-- INSERT INTO "APP2"."FOLLOWER_TASK" (ID,CREATED_BY,CREATED_DATE,STATUS,UPDATED_BY,UPDATED_DATE,VERSION,EMP_CODE,TASK) VALUES (100002,null,null,null,null,null,0,'EM003',100002);
-- INSERT INTO "APP2"."FOLLOWER_TASK" (ID,CREATED_BY,CREATED_DATE,STATUS,UPDATED_BY,UPDATED_DATE,VERSION,EMP_CODE,TASK) VALUES (100003,null,null,null,null,null,0,'EM003',100009);
-- INSERT INTO "APP2"."FOLLOWER_TASK" (ID,CREATED_BY,CREATED_DATE,STATUS,UPDATED_BY,UPDATED_DATE,VERSION,EMP_CODE,TASK) VALUES (100004,null,null,null,null,null,0,'EM003',100008);
-- INSERT INTO "APP2"."FOLLOWER_TASK" (ID,CREATED_BY,CREATED_DATE,STATUS,UPDATED_BY,UPDATED_DATE,VERSION,EMP_CODE,TASK) VALUES (100005,null,null,null,null,null,0,'EM003',1000010);
-- INSERT INTO "APP2"."FOLLOWER_TASK" (ID,CREATED_BY,CREATED_DATE,STATUS,UPDATED_BY,UPDATED_DATE,VERSION,EMP_CODE,TASK) VALUES (100006,null,null,null,null,null,0,'EM003',1000015);
-- INSERT INTO "APP2"."FOLLOWER_TASK" (ID,CREATED_BY,CREATED_DATE,STATUS,UPDATED_BY,UPDATED_DATE,VERSION,EMP_CODE,TASK) VALUES (100007,null,null,null,null,null,0,'EM003',100003);

-- INSERT INTO "APP2"."OTHER_TASK" (ID,CREATED_BY,CREATED_DATE,STATUS,UPDATED_BY,UPDATED_DATE,VERSION,DETAIL,EMP_CODE,PROGRESS,TASK_COST,TASK_NAME,TYPE_TASK) VALUES (100001,null,null,null,null,null,0,null,'EM004',10,2,'เล่นเกมส์',null);
-- INSERT INTO "APP2"."OTHER_TASK" (ID,CREATED_BY,CREATED_DATE,STATUS,UPDATED_BY,UPDATED_DATE,VERSION,DETAIL,EMP_CODE,PROGRESS,TASK_COST,TASK_NAME,TYPE_TASK) VALUES (100002,null,null,null,null,null,0,null,'EM003',100,2,'ดูปักการัง',null);
-- INSERT INTO "APP2"."OTHER_TASK" (ID,CREATED_BY,CREATED_DATE,STATUS,UPDATED_BY,UPDATED_DATE,VERSION,DETAIL,EMP_CODE,PROGRESS,TASK_COST,TASK_NAME,TYPE_TASK) VALUES (100003,null,null,null,null,null,0,null,'EM003',100,2,'ดำน้ำ',null);


-- INSERT INTO "APP2"."PLAN" (ID,CREATED_BY,CREATED_DATE,STATUS,UPDATED_BY,UPDATED_DATE,VERSION,DATE_END,DATE_START,NOTE,OTHER_TASK,TASK) VALUES (100001,null,null,null,null,null,0,{ts '2016-03-05 00:00:00.0'},{ts '2016-03-03 00:00:00.0'},null,null,1000020);
-- INSERT INTO "APP2"."PLAN" (ID,CREATED_BY,CREATED_DATE,STATUS,UPDATED_BY,UPDATED_DATE,VERSION,DATE_END,DATE_START,NOTE,OTHER_TASK,TASK) VALUES (100002,null,null,null,null,null,0,{ts '2016-05-09 00:00:00.0'},{ts '2016-03-01 00:00:00.0'},null,null,100002);
-- INSERT INTO "APP2"."PLAN" (ID,CREATED_BY,CREATED_DATE,STATUS,UPDATED_BY,UPDATED_DATE,VERSION,DATE_END,DATE_START,NOTE,OTHER_TASK,TASK) VALUES (100003,null,null,null,null,null,0,{ts '2016-03-04 00:00:00.0'},{ts '2016-03-01 00:00:00.0'},null,null,100004);
-- INSERT INTO "APP2"."PLAN" (ID,CREATED_BY,CREATED_DATE,STATUS,UPDATED_BY,UPDATED_DATE,VERSION,DATE_END,DATE_START,NOTE,OTHER_TASK,TASK) VALUES (100004,null,null,null,null,null,0,{ts '2016-03-25 00:00:00.0'},{ts '2016-03-11 00:00:00.0'},null,null,1000034);
-- INSERT INTO "APP2"."PLAN" (ID,CREATED_BY,CREATED_DATE,STATUS,UPDATED_BY,UPDATED_DATE,VERSION,DATE_END,DATE_START,NOTE,OTHER_TASK,TASK) VALUES (100005,null,null,null,null,null,0,{ts '2016-03-18 00:00:00.0'},{ts '2016-03-17 00:00:00.0'},null,100001,null);
-- INSERT INTO "APP2"."PLAN" (ID,CREATED_BY,CREATED_DATE,STATUS,UPDATED_BY,UPDATED_DATE,VERSION,DATE_END,DATE_START,NOTE,OTHER_TASK,TASK) VALUES (100006,null,null,null,null,null,0,{ts '2016-03-12 00:00:00.0'},{ts '2016-03-03 00:00:00.0'},null,null,100003);
-- INSERT INTO "APP2"."PLAN" (ID,CREATED_BY,CREATED_DATE,STATUS,UPDATED_BY,UPDATED_DATE,VERSION,DATE_END,DATE_START,NOTE,OTHER_TASK,TASK) VALUES (100007,null,null,null,null,null,0,{ts '2016-03-04 00:00:00.0'},{ts '2016-03-01 00:00:00.0'},null,null,100001);
-- INSERT INTO "APP2"."PLAN" (ID,CREATED_BY,CREATED_DATE,STATUS,UPDATED_BY,UPDATED_DATE,VERSION,DATE_END,DATE_START,NOTE,OTHER_TASK,TASK) VALUES (100008,null,null,null,null,null,0,{ts '2016-04-05 00:00:00.0'},{ts '2016-04-03 00:00:00.0'},null,null,100009);
-- INSERT INTO "APP2"."PLAN" (ID,CREATED_BY,CREATED_DATE,STATUS,UPDATED_BY,UPDATED_DATE,VERSION,DATE_END,DATE_START,NOTE,OTHER_TASK,TASK) VALUES (100009,null,null,null,null,null,0,{ts '2016-04-28 00:00:00.0'},{ts '2016-04-01 00:00:00.0'},null,null,1000014);
-- INSERT INTO "APP2"."PLAN" (ID,CREATED_BY,CREATED_DATE,STATUS,UPDATED_BY,UPDATED_DATE,VERSION,DATE_END,DATE_START,NOTE,OTHER_TASK,TASK) VALUES (1000010,null,null,null,null,null,0,{ts '2016-05-04 00:00:00.0'},{ts '2016-05-04 00:00:00.0'},null,100002,null);
-- INSERT INTO "APP2"."PLAN" (ID,CREATED_BY,CREATED_DATE,STATUS,UPDATED_BY,UPDATED_DATE,VERSION,DATE_END,DATE_START,NOTE,OTHER_TASK,TASK) VALUES (1000011,null,null,null,null,null,0,{ts '2016-03-07 00:00:00.0'},{ts '2016-03-05 00:00:00.0'},null,100003,null);
-- INSERT INTO "APP2"."PLAN" (ID,CREATED_BY,CREATED_DATE,STATUS,UPDATED_BY,UPDATED_DATE,VERSION,DATE_END,DATE_START,NOTE,OTHER_TASK,TASK) VALUES (1000012,null,null,null,null,null,0,{ts '2016-03-07 00:00:00.0'},{ts '2016-03-03 00:00:00.0'},null,null,1000044);
-- INSERT INTO "APP2"."PLAN" (ID,CREATED_BY,CREATED_DATE,STATUS,UPDATED_BY,UPDATED_DATE,VERSION,DATE_END,DATE_START,NOTE,OTHER_TASK,TASK) VALUES (1000013,null,null,null,null,null,0,{ts '2016-03-04 00:00:00.0'},{ts '2016-03-01 00:00:00.0'},null,null,1000037);
-- INSERT INTO "APP2"."PLAN" (ID,CREATED_BY,CREATED_DATE,STATUS,UPDATED_BY,UPDATED_DATE,VERSION,DATE_END,DATE_START,NOTE,OTHER_TASK,TASK) VALUES (1000014,null,null,null,null,null,0,{ts '2016-03-25 00:00:00.0'},{ts '2016-03-18 00:00:00.0'},null,null,1000045);
-- INSERT INTO "APP2"."PLAN" (ID,CREATED_BY,CREATED_DATE,STATUS,UPDATED_BY,UPDATED_DATE,VERSION,DATE_END,DATE_START,NOTE,OTHER_TASK,TASK) VALUES (1000015,null,null,null,null,null,0,{ts '2016-03-20 00:00:00.0'},{ts '2016-03-18 00:00:00.0'},null,null,1000042);
-- INSERT INTO "APP2"."PLAN" (ID,CREATED_BY,CREATED_DATE,STATUS,UPDATED_BY,UPDATED_DATE,VERSION,DATE_END,DATE_START,NOTE,OTHER_TASK,TASK) VALUES (1000016,null,null,null,null,null,0,{ts '2016-05-03 00:00:00.0'},{ts '2016-04-01 00:00:00.0'},null,null,100002);
-- INSERT INTO "APP2"."PLAN" (ID,CREATED_BY,CREATED_DATE,STATUS,UPDATED_BY,UPDATED_DATE,VERSION,DATE_END,DATE_START,NOTE,OTHER_TASK,TASK) VALUES (1000017,null,null,null,null,null,0,{ts '2016-05-18 00:00:00.0'},{ts '2016-04-17 00:00:00.0'},null,100001,null);

-- INSERT INTO "APP2"."APP_PARAMETER" (ID,CREATED_BY,CREATED_DATE,STATUS,UPDATED_BY,UPDATED_DATE,VERSION,CODE,PARAMETER_DESCRIPTION) VALUES (100001,null,null,null,null,null,0,'taskStatus','Task status N,R,C');
-- INSERT INTO "APP2"."PARAMETER_DETAIL" (ID,CREATED_BY,CREATED_DATE,STATUS,UPDATED_BY,UPDATED_DATE,VERSION,CODE,PARAMETER_DESCRIPTION,PARAMETER_VALUE1,PARAMETER_VALUE10,PARAMETER_VALUE2,PARAMETER_VALUE3,PARAMETER_VALUE4,PARAMETER_VALUE5,PARAMETER_VALUE6,PARAMETER_VALUE7,PARAMETER_VALUE8,PARAMETER_VALUE9,APP_PARAMETER) VALUES (100001,null,null,null,null,null,0,'NEW','New Task','N',null,null,null,null,null,null,null,null,null,100001);
-- INSERT INTO "APP2"."PARAMETER_DETAIL" (ID,CREATED_BY,CREATED_DATE,STATUS,UPDATED_BY,UPDATED_DATE,VERSION,CODE,PARAMETER_DESCRIPTION,PARAMETER_VALUE1,PARAMETER_VALUE10,PARAMETER_VALUE2,PARAMETER_VALUE3,PARAMETER_VALUE4,PARAMETER_VALUE5,PARAMETER_VALUE6,PARAMETER_VALUE7,PARAMETER_VALUE8,PARAMETER_VALUE9,APP_PARAMETER) VALUES (100002,null,null,null,null,null,0,'READY','Ready','R',null,null,null,null,null,null,null,null,null,100001);
-- INSERT INTO "APP2"."PARAMETER_DETAIL" (ID,CREATED_BY,CREATED_DATE,STATUS,UPDATED_BY,UPDATED_DATE,VERSION,CODE,PARAMETER_DESCRIPTION,PARAMETER_VALUE1,PARAMETER_VALUE10,PARAMETER_VALUE2,PARAMETER_VALUE3,PARAMETER_VALUE4,PARAMETER_VALUE5,PARAMETER_VALUE6,PARAMETER_VALUE7,PARAMETER_VALUE8,PARAMETER_VALUE9,APP_PARAMETER) VALUES (100003,null,null,null,null,null,0,'COMPLETE','complete','C',null,null,null,null,null,null,null,null,null,100001);



















-- -----------------------------------


















-- -- INSERT INTO "APP2"."TYPE_TASK" (ID,CREATED_BY,CREATED_DATE,STATUS,UPDATED_BY,UPDATED_DATE,VERSION,TYPE_TASK_CODE,TYPE_TASK_NAME) VALUES (100001,null,null,null,null,null,0,'TT001','Dev');
-- -- INSERT INTO "APP2"."TYPE_TASK" (ID,CREATED_BY,CREATED_DATE,STATUS,UPDATED_BY,UPDATED_DATE,VERSION,TYPE_TASK_CODE,TYPE_TASK_NAME) VALUES (100002,null,null,null,null,null,0,'TT002','Design');

-- -- INSERT INTO "APP2"."PROJECT" (ID,CREATED_BY,CREATED_DATE,STATUS,UPDATED_BY,UPDATED_DATE,VERSION,DATE_END,DATE_START,PROJECT_CODE,PROJECT_COST,PROJECT_NAME) VALUES (1,null,null,null,null,null,0,{ts '2016-05-30 00:00:00.0'},{ts '2016-04-02 00:00:00.0'},'HRMS',1000.0,'Human Resource Management System');
-- -- INSERT INTO "APP2"."PROJECT" (ID,CREATED_BY,CREATED_DATE,STATUS,UPDATED_BY,UPDATED_DATE,VERSION,DATE_END,DATE_START,PROJECT_CODE,PROJECT_COST,PROJECT_NAME) VALUES (2,null,null,null,null,null,0,{ts '2016-05-30 00:00:00.0'},{ts '2016-04-02 00:00:00.0'},'PPMS',200.0,'Plan and Project Management System');

-- -- INSERT INTO "APP2"."PROJECT_MANAGER" (ID,CREATED_BY,CREATED_DATE,STATUS,UPDATED_BY,UPDATED_DATE,VERSION,EMP_CODE,PROJECT) VALUES (1,null,null,null,null,null,0,'EM002',1);
-- -- INSERT INTO "APP2"."PROJECT_MANAGER" (ID,CREATED_BY,CREATED_DATE,STATUS,UPDATED_BY,UPDATED_DATE,VERSION,EMP_CODE,PROJECT) VALUES (3,null,null,null,null,null,0,'EM006',2);
-- -- INSERT INTO "APP2"."PROJECT_MANAGER" (ID,CREATED_BY,CREATED_DATE,STATUS,UPDATED_BY,UPDATED_DATE,VERSION,EMP_CODE,PROJECT) VALUES (4,null,null,null,null,null,0,'EM005',2);

-- -- INSERT INTO "APP2"."MODULE_PROJECT" (ID,CREATED_BY,CREATED_DATE,STATUS,UPDATED_BY,UPDATED_DATE,VERSION,DATE_END,DATE_START,MODULE_CODE,MODULE_COST,MODULE_NAME,MODULE_STATUS,PROJECT) VALUES (1,null,null,null,null,null,0,{ts '2016-05-30 00:08:38.0'},{ts '2016-04-02 00:08:38.0'},'ESS',250.0,'Employees Sale Service','Not Success',1);
-- -- INSERT INTO "APP2"."MODULE_PROJECT" (ID,CREATED_BY,CREATED_DATE,STATUS,UPDATED_BY,UPDATED_DATE,VERSION,DATE_END,DATE_START,MODULE_CODE,MODULE_COST,MODULE_NAME,MODULE_STATUS,PROJECT) VALUES (2,null,null,null,null,null,0,{ts '2016-05-30 00:11:08.0'},{ts '2016-04-02 00:11:08.0'},'TD',150.0,'Training Development','Not Success',1);
-- -- INSERT INTO "APP2"."MODULE_PROJECT" (ID,CREATED_BY,CREATED_DATE,STATUS,UPDATED_BY,UPDATED_DATE,VERSION,DATE_END,DATE_START,MODULE_CODE,MODULE_COST,MODULE_NAME,MODULE_STATUS,PROJECT) VALUES (3,null,null,null,null,null,0,{ts '2016-05-30 00:34:50.0'},{ts '2016-04-02 00:34:50.0'},'EM',150.0,'Employee Management','Not Success',2);

-- -- INSERT INTO "APP2"."MODULE_MANAGER" (ID,CREATED_BY,CREATED_DATE,STATUS,UPDATED_BY,UPDATED_DATE,VERSION,EMP_CODE,MODULE_PROJECT) VALUES (1,null,null,null,null,null,0,'EM003',1);
-- -- INSERT INTO "APP2"."MODULE_MANAGER" (ID,CREATED_BY,CREATED_DATE,STATUS,UPDATED_BY,UPDATED_DATE,VERSION,EMP_CODE,MODULE_PROJECT) VALUES (2,null,null,null,null,null,0,'EM004',2);
-- -- INSERT INTO "APP2"."MODULE_MANAGER" (ID,CREATED_BY,CREATED_DATE,STATUS,UPDATED_BY,UPDATED_DATE,VERSION,EMP_CODE,MODULE_PROJECT) VALUES (3,null,null,null,null,null,0,'EM006',3);

-- -- INSERT INTO "APP2"."MODULE_MEMBER" (ID,CREATED_BY,CREATED_DATE,STATUS,UPDATED_BY,UPDATED_DATE,VERSION,EMP_CODE,MODULE_PROJECT) VALUES (1,null,null,null,null,null,0,'EM002',1);
-- -- INSERT INTO "APP2"."MODULE_MEMBER" (ID,CREATED_BY,CREATED_DATE,STATUS,UPDATED_BY,UPDATED_DATE,VERSION,EMP_CODE,MODULE_PROJECT) VALUES (2,null,null,null,null,null,0,'EM004',1);
-- -- INSERT INTO "APP2"."MODULE_MEMBER" (ID,CREATED_BY,CREATED_DATE,STATUS,UPDATED_BY,UPDATED_DATE,VERSION,EMP_CODE,MODULE_PROJECT) VALUES (3,null,null,null,null,null,0,'EM003',1);
-- -- INSERT INTO "APP2"."MODULE_MEMBER" (ID,CREATED_BY,CREATED_DATE,STATUS,UPDATED_BY,UPDATED_DATE,VERSION,EMP_CODE,MODULE_PROJECT) VALUES (4,null,null,null,null,null,0,'EM002',2);
-- -- INSERT INTO "APP2"."MODULE_MEMBER" (ID,CREATED_BY,CREATED_DATE,STATUS,UPDATED_BY,UPDATED_DATE,VERSION,EMP_CODE,MODULE_PROJECT) VALUES (5,null,null,null,null,null,0,'EM004',2);
-- -- INSERT INTO "APP2"."MODULE_MEMBER" (ID,CREATED_BY,CREATED_DATE,STATUS,UPDATED_BY,UPDATED_DATE,VERSION,EMP_CODE,MODULE_PROJECT) VALUES (6,null,null,null,null,null,0,'EM005',2);
-- -- INSERT INTO "APP2"."MODULE_MEMBER" (ID,CREATED_BY,CREATED_DATE,STATUS,UPDATED_BY,UPDATED_DATE,VERSION,EMP_CODE,MODULE_PROJECT) VALUES (7,null,null,null,null,null,0,'EM006',3);
-- -- INSERT INTO "APP2"."MODULE_MEMBER" (ID,CREATED_BY,CREATED_DATE,STATUS,UPDATED_BY,UPDATED_DATE,VERSION,EMP_CODE,MODULE_PROJECT) VALUES (8,null,null,null,null,null,0,'EM005',3);

-- -- INSERT INTO "APP2"."PROGRAM" (ID,CREATED_BY,CREATED_DATE,STATUS,UPDATED_BY,UPDATED_DATE,VERSION,PROGRAM_CODE,PROGRAM_NAME,MODULE_PROJECT) VALUES (3,null,null,null,null,null,0,'PG01','Program 1',1);
-- -- INSERT INTO "APP2"."PROGRAM" (ID,CREATED_BY,CREATED_DATE,STATUS,UPDATED_BY,UPDATED_DATE,VERSION,PROGRAM_CODE,PROGRAM_NAME,MODULE_PROJECT) VALUES (4,null,null,null,null,null,0,'PG02','Program 2',1);
-- -- INSERT INTO "APP2"."PROGRAM" (ID,CREATED_BY,CREATED_DATE,STATUS,UPDATED_BY,UPDATED_DATE,VERSION,PROGRAM_CODE,PROGRAM_NAME,MODULE_PROJECT) VALUES (5,null,null,null,null,null,0,'PG01','Program 1',2);
-- -- INSERT INTO "APP2"."PROGRAM" (ID,CREATED_BY,CREATED_DATE,STATUS,UPDATED_BY,UPDATED_DATE,VERSION,PROGRAM_CODE,PROGRAM_NAME,MODULE_PROJECT) VALUES (6,null,null,null,null,null,0,'Program 1','PG01',3);

-- -- INSERT INTO "APP2"."TASK" (ID,CREATED_BY,CREATED_DATE,STATUS,UPDATED_BY,UPDATED_DATE,VERSION,DATE_END,DATE_START,DETAIL,EMP_CODE,FILE_NAME,PROGRESS,TASK_CODE,TASK_COST,TASK_NAME,URL,PROGRAM,TYPE_TASK) VALUES (1,null,null,null,null,null,0,{ts '2016-04-10 00:00:00.0'},{ts '2016-04-02 00:00:00.0'},null,'EM002',null,0,'TK01',10.0,'Task 1',null,3,100002);
-- -- INSERT INTO "APP2"."TASK" (ID,CREATED_BY,CREATED_DATE,STATUS,UPDATED_BY,UPDATED_DATE,VERSION,DATE_END,DATE_START,DETAIL,EMP_CODE,FILE_NAME,PROGRESS,TASK_CODE,TASK_COST,TASK_NAME,URL,PROGRAM,TYPE_TASK) VALUES (2,null,null,null,null,null,0,{ts '2016-04-10 00:00:00.0'},{ts '2016-04-02 00:00:00.0'},null,'EM003',null,0,'TK02',10.0,'Task 2',null,3,100002);
-- -- INSERT INTO "APP2"."TASK" (ID,CREATED_BY,CREATED_DATE,STATUS,UPDATED_BY,UPDATED_DATE,VERSION,DATE_END,DATE_START,DETAIL,EMP_CODE,FILE_NAME,PROGRESS,TASK_CODE,TASK_COST,TASK_NAME,URL,PROGRAM,TYPE_TASK) VALUES (3,null,null,null,null,null,0,{ts '2016-04-10 00:00:00.0'},{ts '2016-04-02 00:00:00.0'},null,'EM004',null,0,'TK03',10.0,'Task 3',null,3,100002);
-- -- INSERT INTO "APP2"."TASK" (ID,CREATED_BY,CREATED_DATE,STATUS,UPDATED_BY,UPDATED_DATE,VERSION,DATE_END,DATE_START,DETAIL,EMP_CODE,FILE_NAME,PROGRESS,TASK_CODE,TASK_COST,TASK_NAME,URL,PROGRAM,TYPE_TASK) VALUES (4,null,null,null,null,null,0,{ts '2016-04-12 00:00:00.0'},{ts '2016-04-11 00:00:00.0'},null,'EM004',null,0,'TK04',10.0,'Task 4',null,3,100001);
-- -- INSERT INTO "APP2"."TASK" (ID,CREATED_BY,CREATED_DATE,STATUS,UPDATED_BY,UPDATED_DATE,VERSION,DATE_END,DATE_START,DETAIL,EMP_CODE,FILE_NAME,PROGRESS,TASK_CODE,TASK_COST,TASK_NAME,URL,PROGRAM,TYPE_TASK) VALUES (5,null,null,null,null,null,0,null,null,null,'EM004',null,0,'TK05',10.0,'Task 5',null,3,100001);
-- -- INSERT INTO "APP2"."TASK" (ID,CREATED_BY,CREATED_DATE,STATUS,UPDATED_BY,UPDATED_DATE,VERSION,DATE_END,DATE_START,DETAIL,EMP_CODE,FILE_NAME,PROGRESS,TASK_CODE,TASK_COST,TASK_NAME,URL,PROGRAM,TYPE_TASK) VALUES (6,null,null,null,null,null,0,{ts '2016-04-15 00:00:00.0'},{ts '2016-04-12 00:00:00.0'},null,'EM002',null,0,'TK06',10.0,'Task 6',null,4,100001);
-- -- INSERT INTO "APP2"."TASK" (ID,CREATED_BY,CREATED_DATE,STATUS,UPDATED_BY,UPDATED_DATE,VERSION,DATE_END,DATE_START,DETAIL,EMP_CODE,FILE_NAME,PROGRESS,TASK_CODE,TASK_COST,TASK_NAME,URL,PROGRAM,TYPE_TASK) VALUES (7,null,null,null,null,null,0,{ts '2016-04-15 00:00:00.0'},{ts '2016-04-12 00:00:00.0'},null,'EM003',null,0,'TK07',10.0,'Task 7',null,4,100001);
-- -- INSERT INTO "APP2"."TASK" (ID,CREATED_BY,CREATED_DATE,STATUS,UPDATED_BY,UPDATED_DATE,VERSION,DATE_END,DATE_START,DETAIL,EMP_CODE,FILE_NAME,PROGRESS,TASK_CODE,TASK_COST,TASK_NAME,URL,PROGRAM,TYPE_TASK) VALUES (8,null,null,null,null,null,0,{ts '2016-04-15 00:00:00.0'},{ts '2016-04-12 00:00:00.0'},null,null,null,0,'TK08',10.0,'Task 8',null,4,100001);
-- -- INSERT INTO "APP2"."TASK" (ID,CREATED_BY,CREATED_DATE,STATUS,UPDATED_BY,UPDATED_DATE,VERSION,DATE_END,DATE_START,DETAIL,EMP_CODE,FILE_NAME,PROGRESS,TASK_CODE,TASK_COST,TASK_NAME,URL,PROGRAM,TYPE_TASK) VALUES (9,null,null,null,null,null,0,null,null,null,null,null,0,'TK09',10.0,'Task 9',null,4,100001);
-- -- INSERT INTO "APP2"."TASK" (ID,CREATED_BY,CREATED_DATE,STATUS,UPDATED_BY,UPDATED_DATE,VERSION,DATE_END,DATE_START,DETAIL,EMP_CODE,FILE_NAME,PROGRESS,TASK_CODE,TASK_COST,TASK_NAME,URL,PROGRAM,TYPE_TASK) VALUES (10,null,null,null,null,null,0,{ts '2016-04-10 00:00:00.0'},{ts '2016-04-02 00:00:00.0'},null,'EM002',null,0,'TK10',10.0,'Task 10',null,5,100002);
-- -- INSERT INTO "APP2"."TASK" (ID,CREATED_BY,CREATED_DATE,STATUS,UPDATED_BY,UPDATED_DATE,VERSION,DATE_END,DATE_START,DETAIL,EMP_CODE,FILE_NAME,PROGRESS,TASK_CODE,TASK_COST,TASK_NAME,URL,PROGRAM,TYPE_TASK) VALUES (11,null,null,null,null,null,0,{ts '2016-04-10 00:00:00.0'},{ts '2016-04-02 00:00:00.0'},null,'EM004',null,0,'TK11',10.0,'Task 11',null,5,100002);
-- -- INSERT INTO "APP2"."TASK" (ID,CREATED_BY,CREATED_DATE,STATUS,UPDATED_BY,UPDATED_DATE,VERSION,DATE_END,DATE_START,DETAIL,EMP_CODE,FILE_NAME,PROGRESS,TASK_CODE,TASK_COST,TASK_NAME,URL,PROGRAM,TYPE_TASK) VALUES (12,null,null,null,null,null,0,{ts '2016-04-15 00:00:00.0'},{ts '2016-04-11 00:00:00.0'},null,'EM004',null,0,'TK12',10.0,'Task 12',null,5,100002);
-- -- INSERT INTO "APP2"."TASK" (ID,CREATED_BY,CREATED_DATE,STATUS,UPDATED_BY,UPDATED_DATE,VERSION,DATE_END,DATE_START,DETAIL,EMP_CODE,FILE_NAME,PROGRESS,TASK_CODE,TASK_COST,TASK_NAME,URL,PROGRAM,TYPE_TASK) VALUES (13,null,null,null,null,null,0,{ts '2016-04-12 00:00:00.0'},{ts '2016-04-11 00:00:00.0'},null,'EM005',null,0,'TK13',10.0,'Task 13',null,5,100001);
-- -- INSERT INTO "APP2"."TASK" (ID,CREATED_BY,CREATED_DATE,STATUS,UPDATED_BY,UPDATED_DATE,VERSION,DATE_END,DATE_START,DETAIL,EMP_CODE,FILE_NAME,PROGRESS,TASK_CODE,TASK_COST,TASK_NAME,URL,PROGRAM,TYPE_TASK) VALUES (14,null,null,null,null,null,0,null,null,null,'EM005',null,0,'TK14',10.0,'Task 14',null,5,100001);
-- -- INSERT INTO "APP2"."TASK" (ID,CREATED_BY,CREATED_DATE,STATUS,UPDATED_BY,UPDATED_DATE,VERSION,DATE_END,DATE_START,DETAIL,EMP_CODE,FILE_NAME,PROGRESS,TASK_CODE,TASK_COST,TASK_NAME,URL,PROGRAM,TYPE_TASK) VALUES (15,null,null,null,null,null,0,null,null,null,null,null,0,'TK15',10.0,'Task 15',null,5,100001);
-- -- INSERT INTO "APP2"."TASK" (ID,CREATED_BY,CREATED_DATE,STATUS,UPDATED_BY,UPDATED_DATE,VERSION,DATE_END,DATE_START,DETAIL,EMP_CODE,FILE_NAME,PROGRESS,TASK_CODE,TASK_COST,TASK_NAME,URL,PROGRAM,TYPE_TASK) VALUES (16,null,null,null,null,null,0,{ts '2016-04-10 00:00:00.0'},{ts '2016-04-02 00:00:00.0'},null,'EM006',null,0,'TK16',10.0,'Task 16',null,6,100002);
-- -- INSERT INTO "APP2"."TASK" (ID,CREATED_BY,CREATED_DATE,STATUS,UPDATED_BY,UPDATED_DATE,VERSION,DATE_END,DATE_START,DETAIL,EMP_CODE,FILE_NAME,PROGRESS,TASK_CODE,TASK_COST,TASK_NAME,URL,PROGRAM,TYPE_TASK) VALUES (17,null,null,null,null,null,0,{ts '2016-04-20 00:00:00.0'},{ts '2016-04-11 00:00:00.0'},null,'EM006',null,0,'TK17',10.0,'Task 17',null,6,100002);
-- -- INSERT INTO "APP2"."TASK" (ID,CREATED_BY,CREATED_DATE,STATUS,UPDATED_BY,UPDATED_DATE,VERSION,DATE_END,DATE_START,DETAIL,EMP_CODE,FILE_NAME,PROGRESS,TASK_CODE,TASK_COST,TASK_NAME,URL,PROGRAM,TYPE_TASK) VALUES (18,null,null,null,null,null,0,{ts '2016-04-10 00:00:00.0'},{ts '2016-04-02 00:00:00.0'},null,null,null,0,'TK18',10.0,'Task 18',null,6,100001);



